time,instrument_token,trading_symbol,last_price,volume_traded,oi,last_traded_quantity,average_traded_price,total_buy_quantity,total_sell_quantity,day_open,day_high,day_low,day_close,change,last_trade_time,oi_delta,volume_delta,aggressor_side,cvd_change,depth_toxicity_tick,kyle_lambda_tick,bid_price_1,bid_price_2,bid_price_3,bid_price_4,bid_price_5,bid_qty_1,bid_qty_2,bid_qty_3,bid_qty_4,bid_qty_5,bid_orders_1,bid_orders_2,bid_orders_3,bid_orders_4,bid_orders_5,ask_price_1,ask_price_2,ask_price_3,ask_price_4,ask_price_5,ask_qty_1,ask_qty_2,ask_qty_3,ask_qty_4,ask_qty_5,ask_orders_1,ask_orders_2,ask_orders_3,ask_orders_4,ask_orders_5
2025-12-29 07:17:00+00:00,12683010,NIFTY25DECFUT,25978.50,3332925,11148150,75,26024.12,301125,417525,26080.00,26100.20,25972.40,26060.20,-0.31,2025-12-29 07:17:00+00:00,0,150,BUY,150,0.0211,0.000407,25975.60,25975.40,25975.20,25975.10,25975.00,75,300,825,1500,3525,1,4,7,15,23,25978.50,25979.90,25980.00,25980.20,25981.00,75,75,450,75,75,1,1,4,1,1
2025-12-29 07:17:02+00:00,12683010,NIFTY25DECFUT,25978.90,3333600,11148150,150,26024.11,305400,421575,26080.00,26100.20,25972.40,26060.20,-0.31,2025-12-29 07:17:01+00:00,0,0,NEUTRAL,0,1.0000,0.000000,25974.80,25974.70,25974.60,25974.50,25974.40,75,225,975,1875,2250,1,3,11,15,19,25980.00,25981.00,25981.40,25981.50,25981.80,300,75,600,75,600,3,1,1,1,1
2025-12-29 07:17:03+00:00,12683010,NIFTY25DECFUT,25974.90,3333675,11148150,75,26024.11,309225,421350,26080.00,26100.20,25972.40,26060.20,-0.33,2025-12-29 07:17:02+00:00,0,900,SELL,-900,0.0857,0.000067,25974.80,25974.70,25974.60,25974.50,25974.40,525,600,2100,2475,2250,7,8,18,21,18,25980.00,25980.90,25981.00,25981.40,25981.50,300,600,75,600,75,3,1,1,1,1
2025-12-29 07:17:04+00:00,12683010,NIFTY25DECFUT,25974.90,3333675,11148150,75,26024.11,309075,421350,26080.00,26100.20,25972.40,26060.20,-0.33,2025-12-29 07:17:02+00:00,0,75,SELL,-75,0.0078,0.000417,25974.80,25974.70,25974.60,25974.50,25974.40,300,675,2100,2550,2250,4,9,18,22,18,25980.00,25980.90,25981.00,25981.40,25981.50,300,600,75,600,75,3,1,1,1,1
2025-12-29 07:17:05+00:00,12683010,NIFTY25DECFUT,25980.00,3333675,11148150,75,26024.11,309075,421350,26080.00,26100.20,25972.40,26060.20,-0.31,2025-12-29 07:17:02+00:00,0,900,BUY,900,0.0863,0.000144,25974.80,25974.70,25974.60,25974.50,25974.40,300,675,2100,2550,2250,4,9,18,22,18,25980.00,25980.90,25981.00,25981.40,25981.50,300,600,75,600,75,3,1,1,1,1
2025-12-29 07:17:06+00:00,12683010,NIFTY25DECFUT,25980.00,3333825,11148150,75,26024.11,308700,419175,26080.00,26100.20,25972.40,26060.20,-0.31,2025-12-29 07:17:05+00:00,0,150,BUY,150,0.0148,0.000504,25974.80,25974.70,25974.60,25974.50,25974.40,150,825,2100,2700,2700,2,8,18,24,22,25980.00,25980.90,25981.00,25981.40,25981.50,150,600,75,600,75,2,1,1,1,1
2025-12-29 07:17:07+00:00,12683010,NIFTY25DECFUT,25980.00,3333825,11148150,75,26024.11,308325,419475,26080.00,26100.20,25972.40,26060.20,-0.31,2025-12-29 07:17:05+00:00,0,150,BUY,150,0.0147,0.000000,25974.80,25974.70,25974.60,25974.50,25974.40,150,975,2100,2700,2625,2,10,18,24,21,25980.00,25980.90,25981.00,25981.40,25981.50,150,600,75,600,75,2,1,1,1,1
2025-12-29 07:17:09+00:00,12683010,NIFTY25DECFUT,25977.80,3333900,11154825,75,26024.10,301875,420600,26080.00,26100.20,25972.40,26060.20,-0.32,2025-12-29 07:17:08+00:00,6675,75,BUY,75,0.0175,0.000515,25975.10,25974.90,25974.80,25974.70,25974.60,300,150,225,300,1725,4,2,3,4,15,25977.80,25980.00,25980.40,25980.50,25980.90,75,150,600,75,600,1,2,1,1,1
2025-12-29 07:17:10+00:00,12683010,NIFTY25DECFUT,25978.00,3333900,11154825,75,26024.10,301875,420600,26080.00,26100.20,25972.40,26060.20,-0.32,2025-12-29 07:17:08+00:00,6675,75,BUY,75,0.0175,0.000468,25975.10,25974.90,25974.80,25974.70,25974.60,300,150,225,300,1725,4,2,3,4,15,25977.80,25980.00,25980.40,25980.50,25980.90,75,150,600,75,600,1,2,1,1,1
2025-12-29 07:17:11+00:00,12683010,NIFTY25DECFUT,25977.80,3334350,11154825,75,26024.10,303975,419850,26080.00,26100.20,25972.40,26060.20,-0.32,2025-12-29 07:17:10+00:00,0,450,BUY,450,0.0458,0.000000,25974.80,25974.70,25974.60,25974.50,25974.40,75,300,1950,2175,3075,1,4,17,15,20,25978.60,25980.00,25980.90,25981.00,25981.20,75,450,600,75,600,1,3,1,1,1
2025-12-29 07:17:12+00:00,12683010,NIFTY25DECFUT,25977.80,3334350,11154825,75,26024.10,305925,419175,26080.00,26100.20,25972.40,26060.20,-0.32,2025-12-29 07:17:10+00:00,0,450,BUY,450,0.0426,0.000019,25974.80,25974.70,25974.60,25974.50,25974.40,150,450,2100,2475,3150,2,6,19,16,22,25978.60,25980.00,25980.90,25981.00,25981.20,75,450,600,75,600,1,3,1,1,1
2025-12-29 07:17:13+00:00,12683010,NIFTY25DECFUT,25974.90,3334425,11154825,75,26024.10,302550,420225,26080.00,26100.20,25972.40,26060.20,-0.33,2025-12-29 07:17:12+00:00,0,75,SELL,-75,0.0085,0.000330,25974.80,25974.70,25974.60,25974.50,25974.40,225,150,1725,2175,2625,2,2,14,19,14,25978.80,25980.00,25980.90,25981.00,25981.20,75,450,600,75,600,1,3,1,1,1
2025-12-29 07:17:14+00:00,12683010,NIFTY25DECFUT,25978.80,3334500,11154825,75,26024.10,306975,420150,26080.00,26100.20,25972.40,26060.20,-0.31,2025-12-29 07:17:14+00:00,0,150,BUY,150,0.0168,0.000112,25974.80,25974.70,25974.60,25974.50,25974.40,225,150,1800,2025,2775,2,2,14,17,16,25978.80,25980.00,25980.90,25981.00,25981.40,75,450,600,75,600,1,3,1,1,1
2025-12-29 07:17:15+00:00,12683010,NIFTY25DECFUT,25978.80,3334500,11154825,75,26024.10,304425,420825,26080.00,26100.20,25972.40,26060.20,-0.31,2025-12-29 07:17:14+00:00,0,225,BUY,225,0.0366,0.000033,25975.00,25974.80,25974.70,25974.60,25974.50,225,75,150,1800,1875,2,1,2,14,15,25978.80,25980.00,25980.90,25981.00,25981.40,75,450,600,75,600,1,3,1,1,1
2025-12-29 07:17:17+00:00,12683010,NIFTY25DECFUT,25978.80,3334575,11154825,75,26024.10,297900,423000,26080.00,26100.20,25972.40,26060.20,-0.31,2025-12-29 07:17:16+00:00,0,75,SELL,-75,0.0167,0.000000,25975.00,25974.60,25974.50,25974.40,25974.30,825,150,450,675,525,2,1,2,5,5,25979.40,25980.00,25980.90,25981.00,25981.40,75,450,600,75,600,1,3,1,1,1
2025-12-29 07:17:18+00:00,12683010,NIFTY25DECFUT,25978.60,3334650,11154825,75,26024.09,295650,425100,26080.00,26100.20,25972.40,26060.20,-0.31,2025-12-29 07:17:18+00:00,0,75,SELL,-75,0.0213,0.000057,25975.00,25974.60,25974.50,25974.30,25974.20,825,150,375,225,75,2,1,1,2,1,25979.40,25980.00,25980.90,25981.00,25981.60,75,450,600,75,600,1,3,1,1,1
2025-12-29 07:17:19+00:00,12683010,NIFTY25DECFUT,25979.40,3335025,11154825,75,26024.09,295350,425100,26080.00,26100.20,25972.40,26060.20,-0.31,2025-12-29 07:17:18+00:00,0,450,BUY,450,0.1132,0.000151,25975.10,25975.00,25974.60,25974.50,25974.30,150,825,150,375,225,2,2,1,1,2,25979.40,25980.00,25980.90,25981.00,25981.50,75,450,600,75,600,1,3,1,1,1
2025-12-29 07:17:20+00:00,12683010,NIFTY25DECFUT,25979.40,3335025,11154825,75,26024.09,297900,423375,26080.00,26100.20,25972.40,26060.20,-0.31,2025-12-29 07:17:18+00:00,0,375,BUY,375,0.1020,0.000218,25975.10,25975.00,25974.60,25974.30,25974.20,150,825,150,225,675,2,2,1,2,5,25978.30,25978.60,25980.00,25980.90,25981.00,75,75,450,600,75,1,1,3,1,1
2025-12-29 07:17:21+00:00,12683010,NIFTY25DECFUT,25978.30,3335025,11154825,75,26024.09,298425,421950,26080.00,26100.20,25972.40,26060.20,-0.31,2025-12-29 07:17:18+00:00,0,0,NEUTRAL,0,1.0000,0.000000,25975.10,25975.00,25974.60,25974.30,25974.20,225,825,150,525,675,3,2,1,6,5,25978.30,25978.60,25980.00,25981.00,25981.20,75,75,450,75,600,1,1,3,1,1
2025-12-29 07:17:22+00:00,12683010,NIFTY25DECFUT,25978.30,3335250,11154825,75,26024.09,294150,423225,26080.00,26100.20,25972.40,26060.20,-0.31,2025-12-29 07:17:21+00:00,0,225,BUY,225,0.0769,0.000376,25976.00,25975.10,25975.00,25974.60,25974.50,150,150,825,150,150,2,2,2,1,1,25978.30,25978.60,25980.00,25980.90,25981.00,75,75,450,600,75,1,1,3,1,1
2025-12-29 07:17:24+00:00,12683010,NIFTY25DECFUT,25980.00,3335550,11154825,75,26024.08,291375,423375,26080.00,26100.20,25972.40,26060.20,-0.31,2025-12-29 07:17:23+00:00,0,525,BUY,525,0.1489,0.000482,25976.10,25976.00,25975.00,25974.60,25974.40,75,150,825,150,75,1,2,2,1,1,25978.50,25980.00,25980.90,25981.00,25981.20,75,375,600,75,600,1,2,1,1,1
2025-12-29 07:17:25+00:00,12683010,NIFTY25DECFUT,25978.50,3335625,11154825,75,26024.08,294225,423075,26080.00,26100.20,25972.40,26060.20,-0.31,2025-12-29 07:17:24+00:00,0,375,BUY,375,0.1136,0.000061,25976.10,25976.00,25975.00,25974.60,25974.40,75,75,825,150,75,1,1,2,1,1,25979.10,25980.00,25980.90,25981.00,25981.10,75,375,600,75,600,1,2,1,1,1
2025-12-29 07:17:27+00:00,12683010,NIFTY25DECFUT,25978.50,3335625,11154825,75,26024.08,295650,423075,26080.00,26100.20,25972.40,26060.20,-0.31,2025-12-29 07:17:24+00:00,0,0,NEUTRAL,0,1.0000,0.000000,25976.10,25976.00,25975.00,25974.60,25974.40,75,75,825,150,75,1,1,2,1,1,25979.10,25980.00,25980.90,25981.00,25981.60,75,375,600,75,600,1,2,1,1,1
2025-12-29 07:17:28+00:00,12683010,NIFTY25DECFUT,25978.50,3335625,11154825,75,26024.08,295125,423300,26080.00,26100.20,25972.40,26060.20,-0.31,2025-12-29 07:17:24+00:00,0,0,NEUTRAL,0,1.0000,0.000000,25976.10,25976.00,25975.00,25974.60,25974.40,150,75,1125,150,75,2,1,3,1,1,25979.10,25980.00,25980.90,25981.00,25981.60,75,375,600,75,600,1,2,1,1,1
2025-12-29 07:17:29+00:00,12683010,NIFTY25DECFUT,25978.50,3335625,11154825,75,26024.08,296100,422775,26080.00,26100.20,25972.40,26060.20,-0.31,2025-12-29 07:17:24+00:00,0,0,NEUTRAL,0,1.0000,0.000000,25976.10,25976.00,25975.00,25974.60,25974.50,150,75,1125,150,150,2,1,3,1,2,25979.10,25980.00,25981.00,25981.60,25981.70,75,375,75,600,675,1,2,1,1,2
2025-12-29 07:17:30+00:00,12683010,NIFTY25DECFUT,25976.00,3335775,11154825,75,26024.08,298050,422100,26080.00,26100.20,25972.40,26060.20,-0.32,2025-12-29 07:17:30+00:00,0,225,SELL,-225,0.0492,0.000874,25976.00,25975.00,25974.90,25974.70,25974.60,75,1125,300,525,525,1,3,4,3,6,25977.90,25980.00,25981.00,25981.70,25981.80,75,375,75,600,675,1,2,1,1,2
2025-12-29 07:17:31+00:00,12683010,NIFTY25DECFUT,25976.00,3335850,11154825,75,26024.08,293025,423075,26080.00,26100.20,25972.40,26060.20,-0.32,2025-12-29 07:17:30+00:00,0,75,SELL,-75,0.0200,0.000000,25975.00,25974.70,25974.60,25974.50,25974.40,1125,375,150,450,375,3,1,1,5,4,25977.20,25980.00,25980.60,25980.90,25981.00,75,375,75,600,75,1,2,1,1,1
2025-12-29 07:17:32+00:00,12683010,NIFTY25DECFUT,25975.10,3336450,11154825,75,26024.07,268950,422925,26080.00,26100.20,25972.40,26060.20,-0.33,2025-12-29 07:17:31+00:00,0,600,SELL,-600,0.1333,0.000511,25975.10,25975.00,25974.60,25974.40,25974.20,150,1125,150,75,450,2,3,1,1,4,25980.00,25980.50,25980.60,25980.90,25981.00,600,600,75,600,75,5,1,1,1,1
2025-12-29 07:17:33+00:00,12683010,NIFTY25DECFUT,25975.10,3336600,11154825,75,26024.07,295800,421500,26080.00,26100.20,25972.40,26060.20,-0.33,2025-12-29 07:17:33+00:00,0,975,SELL,-975,0.1884,0.000657,25975.00,25974.60,25974.40,25974.20,25974.10,1125,150,300,450,900,3,1,4,4,6,25976.90,25979.60,25980.00,25980.90,25981.00,75,75,450,600,75,1,1,3,1,1
2025-12-29 07:17:35+00:00,12683010,NIFTY25DECFUT,25975.10,3336600,11154825,75,26024.07,301350,420375,26080.00,26100.20,25972.40,26060.20,-0.33,2025-12-29 07:17:33+00:00,0,75,SELL,-75,0.0217,0.000000,25975.00,25974.70,25974.60,25974.50,25974.40,1125,300,150,150,375,3,4,1,2,5,25976.90,25979.60,25980.00,25980.90,25981.00,75,75,450,600,75,1,1,3,1,1
2025-12-29 07:17:36+00:00,12683010,NIFTY25DECFUT,25975.00,3336825,11154825,75,26024.06,301950,420600,26080.00,26100.20,25972.40,26060.20,-0.33,2025-12-29 07:17:36+00:00,0,225,SELL,-225,0.0462,0.000000,25975.30,25975.00,25974.60,25974.50,25974.40,75,1125,525,375,750,1,3,5,5,8,25979.60,25980.00,25980.90,25981.00,25981.60,75,450,600,75,600,1,3,1,1,1
2025-12-29 07:17:37+00:00,12683010,NIFTY25DECFUT,25975.30,3336825,11154825,75,26024.06,302550,420750,26080.00,26100.20,25972.40,26060.20,-0.33,2025-12-29 07:17:36+00:00,0,0,NEUTRAL,0,1.0000,0.000000,25975.30,25975.00,25974.80,25974.60,25974.50,75,1125,375,525,1050,1,3,1,5,9,25979.60,25980.00,25980.90,25981.00,25981.70,75,450,600,75,600,1,3,1,1,1
2025-12-29 07:17:38+00:00,12683010,NIFTY25DECFUT,25979.60,3336825,11154825,75,26024.06,302550,420750,26080.00,26100.20,25972.40,26060.20,-0.31,2025-12-29 07:17:36+00:00,0,225,BUY,225,0.0435,0.000870,25975.30,25975.00,25974.80,25974.60,25974.50,75,1125,375,525,1050,1,3,1,5,9,25979.60,25980.00,25980.90,25981.00,25981.70,75,450,600,75,600,1,3,1,1,1
2025-12-29 07:17:39+00:00,12683010,NIFTY25DECFUT,25979.60,3337050,11154825,75,26024.06,303150,420375,26080.00,26100.20,25972.40,26060.20,-0.31,2025-12-29 07:17:38+00:00,0,225,BUY,225,0.0395,0.000000,25975.00,25974.80,25974.70,25974.60,25974.50,1050,525,225,750,1125,3,2,3,8,8,25979.60,25980.00,25980.90,25981.00,25981.80,75,450,600,75,600,1,3,1,1,1
2025-12-29 07:17:40+00:00,12683010,NIFTY25DECFUT,25975.00,3337200,11154825,75,26024.06,302475,420525,26080.00,26100.20,25972.40,26060.20,-0.33,2025-12-29 07:17:40+00:00,0,150,SELL,-150,0.0256,0.000786,25975.00,25974.90,25974.80,25974.70,25974.60,900,150,450,225,1875,3,1,2,2,14,25980.00,25980.90,25981.00,25981.80,25981.90,450,600,75,600,375,3,1,1,1,3
2025-12-29 07:17:41+00:00,12683010,NIFTY25DECFUT,25980.00,3337275,11154825,75,26024.06,294750,423600,26080.00,26100.20,25972.40,26060.20,-0.31,2025-12-29 07:17:41+00:00,0,225,BUY,225,0.0441,0.000078,25975.10,25975.00,25974.70,25974.60,25974.50,300,600,75,675,1200,1,2,1,4,11,25980.00,25980.90,25981.00,25981.80,25981.90,375,600,75,600,375,2,1,1,1,3
2025-12-29 07:17:42+00:00,12683010,NIFTY25DECFUT,25980.00,3337275,11154825,75,26024.06,298650,423600,26080.00,26100.20,25972.40,26060.20,-0.31,2025-12-29 07:17:41+00:00,0,0,NEUTRAL,0,1.0000,0.000000,25975.10,25975.00,25974.60,25974.50,25974.40,300,600,900,1125,1500,1,2,6,10,9,25980.00,25980.90,25981.00,25981.80,25981.90,375,600,75,600,375,2,1,1,1,3
2025-12-29 07:17:43+00:00,12683010,NIFTY25DECFUT,25980.00,3337275,11154825,75,26024.06,300375,423600,26080.00,26100.20,25972.40,26060.20,-0.31,2025-12-29 07:17:41+00:00,0,450,BUY,450,0.0811,0.000847,25975.10,25975.00,25974.70,25974.60,25974.50,300,600,300,900,1275,1,2,4,6,12,25977.20,25980.00,25980.90,25981.00,25981.80,75,375,600,75,600,1,2,1,1,1
2025-12-29 07:17:44+00:00,12683010,NIFTY25DECFUT,25977.30,3337275,11154825,75,26024.06,299850,423750,26080.00,26100.20,25972.40,26060.20,-0.32,2025-12-29 07:17:41+00:00,0,0,NEUTRAL,0,1.0000,0.000000,25975.10,25975.00,25974.70,25974.60,25974.50,375,600,300,900,1275,2,2,4,6,12,25977.30,25980.00,25980.90,25981.00,25981.80,75,375,600,75,600,1,2,1,1,1
2025-12-29 07:17:45+00:00,12683010,NIFTY25DECFUT,25977.30,3337500,11154825,75,26024.05,300300,423225,26080.00,26100.20,25972.40,26060.20,-0.32,2025-12-29 07:17:44+00:00,0,300,BUY,300,0.0625,0.000479,25975.10,25975.00,25974.90,25974.70,25974.60,375,675,300,150,1275,2,3,4,2,10,25977.60,25980.00,25980.90,25981.00,25981.80,75,375,600,75,600,1,2,1,1,1
2025-12-29 07:17:46+00:00,12683010,NIFTY25DECFUT,25975.10,3337800,11154825,300,26024.05,299325,420750,26080.00,26100.20,25972.40,26060.20,-0.33,2025-12-29 07:17:46+00:00,0,300,SELL,-300,0.0678,0.000000,25975.10,25975.00,25974.90,25974.70,25974.60,75,675,300,450,750,1,3,4,5,8,25977.20,25980.00,25980.90,25981.00,25981.80,75,525,600,75,600,1,3,1,1,1
2025-12-29 07:17:47+00:00,12683010,NIFTY25DECFUT,25977.20,3337800,11154825,75,26024.05,298800,420450,26080.00,26100.20,25972.40,26060.20,-0.32,2025-12-29 07:17:46+00:00,0,0,NEUTRAL,0,1.0000,0.000000,25975.10,25975.00,25974.90,25974.70,25974.60,75,675,300,525,675,1,3,4,6,7,25977.20,25979.90,25980.00,25980.90,25981.00,75,75,525,600,75,1,1,3,1,1
2025-12-29 07:17:48+00:00,12683010,NIFTY25DECFUT,25977.20,3337950,11154825,75,26024.05,309075,420300,26080.00,26100.20,25972.40,26060.20,-0.32,2025-12-29 07:17:48+00:00,0,150,SELL,-150,0.0385,0.000538,25975.30,25975.10,25975.00,25974.90,25974.80,150,375,675,150,300,1,1,3,2,4,25979.90,25980.00,25981.00,25981.80,25981.90,75,675,75,600,675,1,4,1,1,2
2025-12-29 07:17:50+00:00,12683010,NIFTY25DECFUT,25977.20,3337950,11154825,75,26024.05,307275,419925,26080.00,26100.20,25972.40,26060.20,-0.32,2025-12-29 07:17:48+00:00,0,150,SELL,-150,0.0345,0.000000,25975.30,25975.10,25975.00,25974.80,25974.70,150,375,675,75,900,1,1,3,1,8,25979.90,25980.00,25980.90,25981.00,25981.80,75,675,600,75,600,1,4,1,1,1
2025-12-29 07:17:51+00:00,12683010,NIFTY25DECFUT,25977.20,3337950,11154825,75,26024.05,307425,420000,26080.00,26100.20,25972.40,26060.20,-0.32,2025-12-29 07:17:48+00:00,0,0,NEUTRAL,0,1.0000,0.000000,25975.30,25975.10,25975.00,25974.80,25974.70,300,375,675,450,1200,2,1,3,5,12,25979.90,25980.00,25980.90,25981.00,25981.80,75,675,600,75,600,1,4,1,1,1
2025-12-29 07:17:52+00:00,12683010,NIFTY25DECFUT,25977.20,3337950,11154825,75,26024.05,308025,420000,26080.00,26100.20,25972.40,26060.20,-0.32,2025-12-29 07:17:48+00:00,0,0,NEUTRAL,0,1.0000,0.000000,25975.30,25975.10,25975.00,25974.90,25974.80,300,375,675,150,525,2,1,3,2,6,25979.80,25980.00,25981.00,25981.80,25981.90,75,675,75,600,675,1,4,1,1,2
2025-12-29 07:17:53+00:00,12683010,NIFTY25DECFUT,25980.00,3338100,11154825,75,26024.05,298650,419850,26080.00,26100.20,25972.40,26060.20,-0.31,2025-12-29 07:17:53+00:00,0,150,BUY,150,0.0357,0.000667,25975.30,25975.10,25975.00,25974.90,25974.80,300,375,825,225,375,2,1,5,2,4,25979.80,25980.00,25980.90,25981.00,25981.80,75,600,600,75,600,1,4,1,1,1
2025-12-29 07:17:54+00:00,12683010,NIFTY25DECFUT,25980.00,3338100,11154825,75,26024.05,297825,420075,26080.00,26100.20,25972.40,26060.20,-0.31,2025-12-29 07:17:53+00:00,0,150,BUY,150,0.0377,0.000704,25975.30,25975.10,25975.00,25974.90,25974.80,300,375,675,225,300,2,1,3,2,3,25979.70,25980.00,25980.90,25981.00,25981.80,75,600,600,75,600,1,4,1,1,1
2025-12-29 07:17:55+00:00,12683010,NIFTY25DECFUT,25979.40,3338475,11154825,75,26024.04,295950,420750,26080.00,26100.20,25972.40,26060.20,-0.31,2025-12-29 07:17:54+00:00,0,375,BUY,375,0.1042,0.000167,25976.00,25975.30,25975.00,25974.90,25974.80,300,150,675,150,300,2,1,3,1,4,25976.90,25979.40,25980.00,25980.90,25981.00,75,375,525,600,75,1,1,4,1,1
2025-12-29 07:17:56+00:00,12683010,NIFTY25DECFUT,25976.50,3338625,11154825,75,26024.04,297075,421875,26080.00,26100.20,25972.40,26060.20,-0.32,2025-12-29 07:17:55+00:00,0,525,SELL,-525,0.0833,0.000556,25975.30,25975.00,25974.60,25974.50,25974.40,150,675,600,1200,1050,1,3,5,10,10,25979.40,25980.00,25980.90,25981.00,25981.70,300,525,600,75,600,1,4,1,1,1
2025-12-29 07:17:57+00:00,12683010,NIFTY25DECFUT,25975.30,3338850,11154825,75,26024.04,298725,422325,26080.00,26100.20,25972.40,26060.20,-0.33,2025-12-29 07:17:56+00:00,0,225,SELL,-225,0.0370,0.000198,25975.30,25975.00,25974.60,25974.50,25974.40,150,675,750,1125,1050,1,3,6,9,10,25979.40,25980.00,25980.90,25981.00,25981.70,300,525,600,75,600,1,4,1,1,1
2025-12-29 07:17:58+00:00,12683010,NIFTY25DECFUT,25977.20,3339450,11154825,75,26024.03,303375,420975,26080.00,26100.20,25972.40,26060.20,-0.32,2025-12-29 07:17:58+00:00,0,825,SELL,-825,0.1089,0.000290,25975.00,25974.90,25974.80,25974.70,25974.60,450,150,225,1425,2400,3,1,3,13,17,25979.40,25980.00,25980.90,25981.00,25981.80,150,675,600,75,600,1,6,1,1,1
2025-12-29 07:17:59+00:00,12683010,NIFTY25DECFUT,25977.20,3339450,11154825,75,26024.03,303600,420825,26080.00,26100.20,25972.40,26060.20,-0.32,2025-12-29 07:17:58+00:00,0,600,SELL,-600,0.0825,0.000261,25975.00,25974.90,25974.80,25974.70,25974.60,450,150,375,1200,2400,3,1,5,10,17,25979.40,25980.00,25980.90,25981.00,25981.80,150,675,600,75,600,1,6,1,1,1
2025-12-29 07:18:00+00:00,12683010,NIFTY25DECFUT,25977.20,3339450,11154825,75,26024.03,303450,420900,26080.00,26100.20,25972.40,26060.20,-0.32,2025-12-29 07:17:58+00:00,0,0,NEUTRAL,0,1.0000,0.000000,25975.00,25974.90,25974.80,25974.70,25974.60,525,150,225,1275,2250,4,1,3,11,15,25979.40,25980.00,25980.90,25981.00,25981.80,150,675,600,75,600,1,6,1,1,1
2025-12-29 07:18:01+00:00,12683010,NIFTY25DECFUT,25975.00,3339450,11154825,75,26024.03,303150,420600,26080.00,26100.20,25972.40,26060.20,-0.33,2025-12-29 07:17:58+00:00,0,375,SELL,-375,0.0649,0.000762,25975.00,25974.90,25974.80,25974.70,25974.60,525,150,150,1200,1875,4,1,2,10,14,25979.40,25980.00,25980.20,25980.90,25981.00,150,600,75,600,75,1,5,1,1,1
2025-12-29 07:18:02+00:00,12683010,NIFTY25DECFUT,25979.40,3339675,11154825,150,26024.02,302250,420150,26080.00,26100.20,25972.40,26060.20,-0.31,2025-12-29 07:18:01+00:00,0,0,NEUTRAL,0,1.0000,0.000000,25975.00,25974.90,25974.80,25974.70,25974.60,450,150,225,1050,1950,4,1,3,8,15,25980.00,25980.20,25980.90,25981.00,25981.80,600,75,600,75,600,5,1,1,1,1
2025-12-29 07:18:03+00:00,12683010,NIFTY25DECFUT,25980.00,3339750,11154825,75,26024.02,298500,420450,26080.00,26100.20,25972.40,26060.20,-0.31,2025-12-29 07:18:02+00:00,0,300,BUY,300,0.0460,0.000766,25975.00,25974.90,25974.80,25974.70,25974.60,375,150,225,900,2700,3,1,3,6,18,25979.80,25980.00,25980.90,25981.00,25981.80,150,450,600,75,600,1,5,1,1,1
2025-12-29 07:18:04+00:00,12683010,NIFTY25DECFUT,25980.00,3339750,11154825,75,26024.02,299100,420300,26080.00,26100.20,25972.40,26060.20,-0.31,2025-12-29 07:18:02+00:00,0,75,BUY,75,0.0112,0.000090,25975.00,25974.90,25974.80,25974.70,25974.60,375,150,225,975,3000,3,1,3,7,22,25979.80,25980.00,25980.90,25981.00,25981.80,150,450,600,75,600,1,5,1,1,1
2025-12-29 07:18:05+00:00,12683010,NIFTY25DECFUT,25977.60,3340725,11154825,75,26024.01,303150,419700,26080.00,26100.20,25972.40,26060.20,-0.32,2025-12-29 07:18:05+00:00,0,975,SELL,-975,0.1193,0.000294,25975.00,25974.90,25974.80,25974.70,25974.60,525,225,675,1200,2700,4,3,7,10,19,25979.80,25980.00,25981.00,25981.80,25981.90,75,450,75,600,675,1,5,1,1,2
2025-12-29 07:18:06+00:00,12683010,NIFTY25DECFUT,25977.60,3340725,11154825,75,26024.01,303150,419700,26080.00,26100.20,25972.40,26060.20,-0.32,2025-12-29 07:18:05+00:00,0,0,NEUTRAL,0,1.0000,0.000000,25975.00,25974.90,25974.80,25974.70,25974.60,525,225,675,1200,2700,4,3,7,10,19,25979.80,25980.00,25981.00,25981.80,25981.90,75,450,75,600,675,1,5,1,1,2
2025-12-29 07:18:07+00:00,12683010,NIFTY25DECFUT,25977.60,3340725,11154825,75,26024.01,301950,420075,26080.00,26100.20,25972.40,26060.20,-0.32,2025-12-29 07:18:05+00:00,0,0,NEUTRAL,0,1.0000,0.000000,25975.00,25974.90,25974.80,25974.70,25974.60,675,75,525,825,2625,5,1,5,8,19,25979.80,25979.90,25980.00,25980.90,25981.00,75,75,450,600,75,1,1,5,1,1
2025-12-29 07:18:08+00:00,12683010,NIFTY25DECFUT,25977.00,3340950,11154825,75,26024.01,294900,422175,26080.00,26100.20,25972.40,26060.20,-0.32,2025-12-29 07:18:08+00:00,0,225,SELL,-225,0.0682,0.000273,25975.00,25974.80,25974.70,25974.60,25974.50,525,75,300,450,825,4,1,4,4,5,25979.00,25979.70,25979.80,25979.90,25980.00,150,75,75,75,525,1,1,1,1,6
2025-12-29 07:18:09+00:00,12683010,NIFTY25DECFUT,25977.00,3341100,11154825,75,26024.00,300000,421500,26080.00,26100.20,25972.40,26060.20,-0.32,2025-12-29 07:18:08+00:00,0,375,BUY,375,0.1190,0.000190,25975.00,25974.80,25974.70,25974.60,25974.50,525,75,150,450,1125,4,1,2,4,8,25975.80,25979.00,25979.70,25979.80,25979.90,75,150,75,75,75,1,1,1,1,1
2025-12-29 07:18:10+00:00,12683010,NIFTY25DECFUT,25975.80,3341325,11154825,75,26024.00,296775,420225,26080.00,26100.20,25972.40,26060.20,-0.32,2025-12-29 07:18:10+00:00,0,75,SELL,-75,0.0238,0.000000,25975.80,25975.00,25974.70,25974.60,25974.50,150,375,150,525,1125,1,3,1,5,9,25979.00,25979.70,25979.80,25979.90,25980.00,150,75,75,75,375,1,1,1,1,4
2025-12-29 07:18:11+00:00,12683010,NIFTY25DECFUT,25975.00,3341325,11154825,75,26024.00,296775,420225,26080.00,26100.20,25972.40,26060.20,-0.33,2025-12-29 07:18:10+00:00,0,0,NEUTRAL,0,1.0000,0.000000,25975.80,25975.00,25974.70,25974.60,25974.50,150,375,150,525,1125,1,3,1,5,9,25979.00,25979.70,25979.80,25979.90,25980.00,150,75,75,75,375,1,1,1,1,4
2025-12-29 07:18:12+00:00,12683010,NIFTY25DECFUT,25975.00,3341625,11154825,75,26024.00,300675,420375,26080.00,26100.20,25972.40,26060.20,-0.33,2025-12-29 07:18:11+00:00,0,0,NEUTRAL,0,1.0000,0.000000,25975.00,25974.80,25974.60,25974.50,25974.40,300,300,675,1650,1200,3,3,7,12,11,25979.80,25979.90,25980.00,25980.20,25980.90,75,75,375,75,600,1,1,4,1,1
2025-12-29 07:18:13+00:00,12683010,NIFTY25DECFUT,25975.00,3341625,11154825,75,26024.00,300600,417525,26080.00,26100.20,25972.40,26060.20,-0.33,2025-12-29 07:18:11+00:00,0,300,SELL,-300,0.0500,0.000000,25975.00,25974.80,25974.60,25974.50,25974.40,300,150,450,1725,1875,3,1,4,13,16,25979.80,25979.90,25980.00,25980.20,25980.90,75,75,375,75,600,1,1,4,1,1
2025-12-29 07:18:14+00:00,12683010,NIFTY25DECFUT,25976.50,3341625,11154825,75,26024.00,302400,417075,26080.00,26100.20,25972.40,26060.20,-0.32,2025-12-29 07:18:11+00:00,0,0,NEUTRAL,0,1.0000,0.000000,25975.10,25975.00,25974.80,25974.60,25974.50,75,300,450,600,1800,1,3,5,6,14,25976.50,25979.80,25979.90,25980.00,25980.20,75,75,75,375,75,1,1,1,4,1
2025-12-29 07:18:15+00:00,12683010,NIFTY25DECFUT,25976.50,3341700,11154825,75,26024.00,299475,417825,26080.00,26100.20,25972.40,26060.20,-0.32,2025-12-29 07:18:14+00:00,0,75,BUY,75,0.0286,0.000571,25975.10,25975.00,25974.90,25974.80,25974.60,75,300,75,450,450,1,3,1,5,4,25976.50,25979.80,25979.90,25980.00,25980.10,75,75,75,375,600,1,1,1,4,1
2025-12-29 07:18:16+00:00,12683010,NIFTY25DECFUT,25978.00,3341850,11154825,75,26023.99,294900,419100,26080.00,26100.20,25972.40,26060.20,-0.32,2025-12-29 07:18:15+00:00,0,225,BUY,225,0.0435,0.000290,25975.00,25974.80,25974.60,25974.50,25974.40,375,150,75,1575,900,4,1,1,11,8,25978.00,25979.50,25979.80,25979.90,25980.00,75,75,675,675,375,1,1,2,2,4
2025-12-29 07:18:17+00:00,12683010,NIFTY25DECFUT,25978.00,3342000,11154825,75,26023.99,286725,422400,26080.00,26100.20,25972.40,26060.20,-0.32,2025-12-29 07:18:16+00:00,0,150,BUY,150,0.0270,0.000000,25975.00,25974.50,25974.10,25974.00,25973.90,375,75,900,1275,975,4,1,4,9,8,25979.70,25979.80,25979.90,25980.00,25980.30,600,675,75,375,75,1,2,1,4,1
2025-12-29 07:18:18+00:00,12683010,NIFTY25DECFUT,25979.70,3342000,11154825,75,26023.99,293475,423150,26080.00,26100.20,25972.40,26060.20,-0.31,2025-12-29 07:18:16+00:00,0,150,BUY,150,0.0364,0.000412,25975.00,25974.10,25974.00,25973.90,25973.80,375,150,750,750,150,4,1,6,5,2,25979.70,25979.80,25979.90,25980.00,25980.30,600,675,75,375,75,1,2,1,4,1
2025-12-29 07:18:19+00:00,12683010,NIFTY25DECFUT,25976.10,3342150,11154825,75,26023.99,291450,423225,26080.00,26100.20,25972.40,26060.20,-0.32,2025-12-29 07:18:18+00:00,0,0,NEUTRAL,0,1.0000,0.000000,25975.00,25974.00,25973.90,25973.80,25973.70,300,75,75,75,375,3,1,1,1,1,25979.70,25979.80,25979.90,25980.00,25981.00,600,675,150,375,600,2,2,2,4,3
2025-12-29 07:18:20+00:00,12683010,NIFTY25DECFUT,25976.10,3342150,11154825,75,26023.99,302925,420825,26080.00,26100.20,25972.40,26060.20,-0.32,2025-12-29 07:18:18+00:00,0,150,SELL,-150,0.0267,0.000640,25975.00,25974.00,25973.90,25973.80,25973.70,300,225,450,900,1725,3,3,6,9,12,25979.30,25979.70,25979.80,25979.90,25980.00,75,600,675,150,375,1,1,2,2,4
2025-12-29 07:18:21+00:00,12683010,NIFTY25DECFUT,25975.00,3342150,11154825,150,26023.99,302925,420825,26080.00,26100.20,25972.40,26060.20,-0.33,2025-12-29 07:18:18+00:00,0,0,NEUTRAL,0,1.0000,0.000000,25975.00,25974.00,25973.90,25973.80,25973.70,300,225,450,900,1725,3,3,6,9,12,25979.30,25979.70,25979.80,25979.90,25980.00,75,600,675,150,375,1,1,2,2,4
2025-12-29 07:18:22+00:00,12683010,NIFTY25DECFUT,25977.10,3342825,11154825,75,26023.98,302625,420150,26080.00,26100.20,25972.40,26060.20,-0.32,2025-12-29 07:18:21+00:00,0,675,BUY,675,0.2195,0.000325,25975.00,25974.70,25974.30,25974.20,25974.10,300,75,300,150,150,3,1,4,1,2,25976.90,25979.80,25979.90,25980.00,25980.90,75,75,225,450,600,1,1,3,5,1
2025-12-29 07:18:23+00:00,12683010,NIFTY25DECFUT,25977.10,3342825,11154825,75,26023.98,302475,421425,26080.00,26100.20,25972.40,26060.20,-0.32,2025-12-29 07:18:21+00:00,0,675,BUY,675,0.1552,0.000483,25975.00,25974.50,25974.20,25974.10,25974.00,300,75,150,450,675,3,1,1,6,6,25976.90,25979.70,25979.80,25979.90,25980.00,75,600,675,225,450,1,1,2,3,5
2025-12-29 07:18:24+00:00,12683010,NIFTY25DECFUT,25975.00,3342900,11154825,75,26023.98,300225,421800,26080.00,26100.20,25972.40,26060.20,-0.33,2025-12-29 07:18:23+00:00,0,75,SELL,-75,0.0227,0.000636,25975.00,25974.40,25974.20,25974.10,25974.00,225,75,150,75,675,2,1,1,1,6,25979.70,25979.80,25979.90,25980.00,25981.00,600,675,225,450,75,1,2,3,5,1
2025-12-29 07:18:25+00:00,12683010,NIFTY25DECFUT,25976.30,3343875,11154825,75,26023.96,296250,422625,26080.00,26100.20,25972.40,26060.20,-0.32,2025-12-29 07:18:24+00:00,0,1050,BUY,1050,0.2593,0.000198,25974.30,25974.20,25974.10,25974.00,25973.90,75,150,75,300,375,1,1,1,3,4,25979.70,25979.80,25979.90,25980.00,25981.00,600,675,225,450,75,1,2,3,5,1
2025-12-29 07:18:26+00:00,12683010,NIFTY25DECFUT,25976.30,3343875,11154825,75,26023.96,291825,422850,26080.00,26100.20,25972.40,26060.20,-0.32,2025-12-29 07:18:24+00:00,0,0,NEUTRAL,0,1.0000,0.000000,25974.30,25974.20,25974.00,25973.90,25973.80,75,150,150,150,750,1,1,2,1,7,25979.50,25979.70,25979.80,25979.90,25980.00,75,600,675,150,450,1,1,2,2,5
2025-12-29 07:18:27+00:00,12683010,NIFTY25DECFUT,25977.40,3344700,11154825,75,26023.95,299250,422400,26080.00,26100.20,25972.40,26060.20,-0.32,2025-12-29 07:18:26+00:00,0,1800,BUY,1800,0.3243,0.000432,25974.30,25974.20,25974.00,25973.90,25973.80,300,150,300,450,975,4,1,4,5,9,25977.40,25979.30,25979.70,25979.80,25979.90,75,75,600,675,150,1,1,1,2,2
2025-12-29 07:18:28+00:00,12683010,NIFTY25DECFUT,25974.60,3345225,11154825,75,26023.95,298350,422475,26080.00,26100.20,25972.40,26060.20,-0.33,2025-12-29 07:18:27+00:00,0,1350,SELL,-1350,0.2609,0.000329,25974.60,25974.20,25974.00,25973.90,25973.80,75,150,150,375,1125,1,1,2,4,10,25979.30,25979.70,25979.80,25979.90,25980.00,75,600,675,150,450,1,1,2,2,5
2025-12-29 07:18:29+00:00,12683010,NIFTY25DECFUT,25974.60,3345225,11154825,75,26023.95,300975,422100,26080.00,26100.20,25972.40,26060.20,-0.33,2025-12-29 07:18:27+00:00,0,0,NEUTRAL,0,1.0000,0.000000,25974.60,25974.20,25974.10,25974.00,25973.90,75,150,150,450,675,1,1,2,6,7,25979.60,25979.80,25979.90,25980.00,25981.00,75,675,750,450,75,1,2,3,5,1
2025-12-29 07:18:30+00:00,12683010,NIFTY25DECFUT,25974.60,3345225,11154825,75,26023.95,300975,422100,26080.00,26100.20,25972.40,26060.20,-0.33,2025-12-29 07:18:27+00:00,0,0,NEUTRAL,0,1.0000,0.000000,25974.60,25974.20,25974.10,25974.00,25973.90,75,150,150,450,675,1,1,2,6,7,25979.60,25979.80,25979.90,25980.00,25981.00,75,675,750,450,75,1,2,3,5,1
2025-12-29 07:18:31+00:00,12683010,NIFTY25DECFUT,25974.60,3345225,11154825,75,26023.95,300450,421800,26080.00,26100.20,25972.40,26060.20,-0.33,2025-12-29 07:18:27+00:00,0,525,SELL,-525,0.1489,0.000794,25974.70,25974.60,25974.20,25974.10,25974.00,75,75,150,75,600,1,1,1,1,7,25979.60,25979.80,25979.90,25980.00,25981.00,75,675,750,450,75,1,2,3,5,1
2025-12-29 07:18:32+00:00,12683010,NIFTY25DECFUT,25976.70,3345750,11154825,75,26023.94,294000,421350,26080.00,26100.20,25972.40,26060.20,-0.32,2025-12-29 07:18:31+00:00,0,525,BUY,525,0.1667,0.000667,25974.70,25974.60,25974.20,25974.10,25974.00,150,75,450,75,450,2,1,5,1,5,25977.10,25979.50,25979.60,25979.70,25979.80,75,600,75,600,75,1,1,1,1,1
2025-12-29 07:18:33+00:00,12683010,NIFTY25DECFUT,25976.70,3345750,11154825,75,26023.94,296400,420675,26080.00,26100.20,25972.40,26060.20,-0.32,2025-12-29 07:18:31+00:00,0,0,NEUTRAL,0,1.0000,0.000000,25975.00,25974.70,25974.20,25974.10,25974.00,75,225,450,75,450,1,3,5,1,5,25977.10,25979.70,25979.80,25979.90,25980.00,75,600,675,150,450,1,1,2,2,5
2025-12-29 07:18:34+00:00,12683010,NIFTY25DECFUT,25975.10,3345750,11154825,75,26023.94,296400,420675,26080.00,26100.20,25972.40,26060.20,-0.33,2025-12-29 07:18:31+00:00,0,0,NEUTRAL,0,1.0000,0.000000,25975.00,25974.70,25974.20,25974.10,25974.00,75,225,450,75,450,1,3,5,1,5,25977.10,25979.70,25979.80,25979.90,25980.00,75,600,675,150,450,1,1,2,2,5
2025-12-29 07:18:36+00:00,12683010,NIFTY25DECFUT,25974.20,3346650,11154825,75,26023.93,300600,420600,26080.00,26100.20,25972.40,26060.20,-0.33,2025-12-29 07:18:36+00:00,0,750,SELL,-750,0.1923,0.000231,25975.70,25974.20,25974.10,25974.00,25973.90,75,300,75,300,900,1,4,1,3,9,25976.10,25976.30,25979.40,25979.50,25979.70,150,75,600,75,600,2,1,1,1,1
2025-12-29 07:18:37+00:00,12683010,NIFTY25DECFUT,25974.20,3346875,11154825,75,26023.92,296625,419850,26080.00,26100.20,25972.40,26060.20,-0.33,2025-12-29 07:18:36+00:00,0,1125,SELL,-1125,0.3000,0.000240,25975.90,25975.10,25974.10,25974.00,25973.90,75,75,75,300,675,1,1,1,3,6,25979.10,25979.40,25979.50,25979.70,25979.80,75,600,75,600,75,1,1,1,1,1
2025-12-29 07:18:38+00:00,12683010,NIFTY25DECFUT,25975.90,3347025,11154825,75,26023.92,298800,420525,26080.00,26100.20,25972.40,26060.20,-0.32,2025-12-29 07:18:37+00:00,0,150,SELL,-150,0.0333,0.000378,25975.10,25974.10,25974.00,25973.90,25973.80,75,75,300,675,1800,1,1,3,6,15,25979.10,25979.40,25979.50,25979.70,25979.80,75,600,75,600,75,1,1,1,1,1
2025-12-29 07:18:39+00:00,12683010,NIFTY25DECFUT,25975.10,3347100,11154825,75,26023.92,301875,421500,26080.00,26100.20,25972.40,26060.20,-0.33,2025-12-29 07:18:39+00:00,0,450,SELL,-450,0.1277,0.000255,25975.00,25974.70,25974.10,25974.00,25973.90,75,75,300,375,750,1,1,4,4,7,25975.30,25979.40,25979.50,25979.70,25979.80,75,600,150,600,75,1,1,2,1,1
2025-12-29 07:18:40+00:00,12683010,NIFTY25DECFUT,25975.10,3347100,11154825,75,26023.92,301875,421425,26080.00,26100.20,25972.40,26060.20,-0.33,2025-12-29 07:18:39+00:00,0,75,SELL,-75,0.0278,0.000296,25975.00,25974.70,25974.10,25974.00,25973.90,75,75,375,375,300,1,1,5,4,3,25975.30,25978.30,25979.40,25979.50,25979.70,75,75,600,75,600,1,1,1,1,1
2025-12-29 07:18:41+00:00,12683010,NIFTY25DECFUT,25975.30,3347175,11154825,75,26023.92,297225,421275,26080.00,26100.20,25972.40,26060.20,-0.33,2025-12-29 07:18:40+00:00,0,75,SELL,-75,0.0161,0.000043,25975.30,25974.00,25973.90,25973.80,25973.70,75,225,600,975,1125,1,3,7,9,8,25978.30,25979.50,25979.70,25979.80,25979.90,75,75,600,675,150,1,1,1,2,2
2025-12-29 07:18:42+00:00,12683010,NIFTY25DECFUT,25975.70,3347625,11154825,75,26023.91,299025,421275,26080.00,26100.20,25972.40,26060.20,-0.32,2025-12-29 07:18:41+00:00,0,0,NEUTRAL,0,1.0000,0.000000,25974.00,25973.90,25973.80,25973.70,25973.60,225,300,1050,1350,1275,3,3,10,10,13,25979.40,25979.50,25979.70,25979.80,25979.90,600,150,600,75,150,1,2,1,1,2
2025-12-29 07:18:43+00:00,12683010,NIFTY25DECFUT,25976.10,3347700,11154825,75,26023.91,297975,421425,26080.00,26100.20,25972.40,26060.20,-0.32,2025-12-29 07:18:42+00:00,0,600,BUY,600,0.1067,0.000196,25974.00,25973.90,25973.80,25973.70,25973.60,150,75,1050,1200,975,2,1,10,8,10,25979.40,25979.50,25979.70,25979.80,25979.90,600,150,600,75,150,1,2,1,1,2
2025-12-29 07:18:44+00:00,12683010,NIFTY25DECFUT,25976.10,3347700,11154825,75,26023.91,300900,420675,26080.00,26100.20,25972.40,26060.20,-0.32,2025-12-29 07:18:42+00:00,0,0,NEUTRAL,0,1.0000,0.000000,25974.00,25973.90,25973.80,25973.70,25973.60,225,450,600,1200,2400,3,6,5,9,18,25979.30,25979.50,25979.70,25979.80,25979.90,75,75,600,675,150,1,1,1,2,2
2025-12-29 07:18:45+00:00,12683010,NIFTY25DECFUT,25976.50,3347700,11154825,75,26023.91,300825,421650,26080.00,26100.20,25972.40,26060.20,-0.32,2025-12-29 07:18:42+00:00,0,0,NEUTRAL,0,1.0000,0.000000,25974.00,25973.90,25973.80,25973.70,25973.60,150,150,675,1125,2475,2,2,6,8,19,25979.20,25979.30,25979.40,25979.50,25979.80,600,75,600,75,75,1,1,1,1,1
2025-12-29 07:18:46+00:00,12683010,NIFTY25DECFUT,25976.50,3348075,11154825,75,26023.90,295650,421650,26080.00,26100.20,25972.40,26060.20,-0.32,2025-12-29 07:18:45+00:00,0,450,BUY,450,0.1714,0.000305,25974.70,25974.60,25974.10,25974.00,25973.90,75,150,300,75,150,1,1,4,1,2,25976.30,25979.20,25979.30,25979.40,25979.50,75,600,75,600,75,1,1,1,1,1
2025-12-29 07:18:47+00:00,12683010,NIFTY25DECFUT,25976.50,3348075,11154825,75,26023.90,294600,421275,26080.00,26100.20,25972.40,26060.20,-0.32,2025-12-29 07:18:45+00:00,0,375,BUY,375,0.1724,0.000000,25974.70,25974.60,25974.10,25974.00,25973.90,75,150,300,75,300,1,1,4,1,4,25976.00,25976.10,25979.30,25979.40,25979.50,75,75,75,600,75,1,1,1,1,1
2025-12-29 07:18:48+00:00,12683010,NIFTY25DECFUT,25974.70,3348150,11154825,75,26023.90,296325,421425,26080.00,26100.20,25972.40,26060.20,-0.33,2025-12-29 07:18:47+00:00,0,75,SELL,-75,0.0270,0.000000,25974.70,25974.60,25974.10,25974.00,25973.90,150,75,300,150,600,1,1,4,2,4,25976.10,25979.30,25979.40,25979.50,25979.70,75,75,600,75,600,1,1,1,1,1
2025-12-29 07:18:49+00:00,12683010,NIFTY25DECFUT,25974.70,3348375,11154825,75,26023.90,295800,419850,26080.00,26100.20,25972.40,26060.20,-0.33,2025-12-29 07:18:48+00:00,0,0,NEUTRAL,0,1.0000,0.000000,25974.70,25974.60,25974.10,25974.00,25973.90,75,75,300,150,600,1,1,4,2,4,25976.00,25979.30,25979.50,25979.70,25979.80,75,75,75,600,675,1,1,1,1,2
2025-12-29 07:18:50+00:00,12683010,NIFTY25DECFUT,25977.40,3348750,11154825,75,26023.89,297150,419775,26080.00,26100.20,25972.40,26060.20,-0.32,2025-12-29 07:18:49+00:00,0,0,NEUTRAL,0,1.0000,0.000000,25974.00,25973.90,25973.80,25973.70,25973.60,150,600,600,1050,750,2,4,5,10,7,25979.50,25979.70,25979.80,25979.90,25980.00,75,600,675,150,525,1,1,2,2,5
2025-12-29 07:18:51+00:00,12683010,NIFTY25DECFUT,25979.70,3348750,11154825,150,26023.89,297150,419775,26080.00,26100.20,25972.40,26060.20,-0.31,2025-12-29 07:18:49+00:00,0,375,BUY,375,0.0676,0.000901,25974.00,25973.90,25973.80,25973.70,25973.60,150,600,600,1050,750,2,4,5,10,7,25979.50,25979.70,25979.80,25979.90,25980.00,75,600,675,150,525,1,1,2,2,5
2025-12-29 07:18:52+00:00,12683010,NIFTY25DECFUT,25979.70,3348975,11154825,150,26023.89,303600,417525,26080.00,26100.20,25972.40,26060.20,-0.31,2025-12-29 07:18:50+00:00,0,225,BUY,225,0.0682,0.000697,25974.80,25974.30,25974.20,25974.10,25974.00,75,225,75,450,1425,1,3,1,6,12,25978.90,25979.80,25979.90,25980.00,25980.10,75,75,75,525,75,1,1,1,5,1
2025-12-29 07:18:53+00:00,12683010,NIFTY25DECFUT,25979.70,3348975,11154825,150,26023.89,303300,418650,26080.00,26100.20,25972.40,26060.20,-0.31,2025-12-29 07:18:50+00:00,0,0,NEUTRAL,0,1.0000,0.000000,25974.80,25974.40,25974.30,25974.20,25974.10,150,75,150,450,1050,2,1,2,5,11,25978.90,25979.80,25979.90,25980.00,25980.10,75,75,75,525,75,1,1,1,5,1
2025-12-29 07:18:55+00:00,12683010,NIFTY25DECFUT,25979.90,3348975,11154825,75,26023.89,302175,417750,26080.00,26100.20,25972.40,26060.20,-0.31,2025-12-29 07:18:50+00:00,0,0,NEUTRAL,0,1.0000,0.000000,25974.90,25974.80,25974.60,25974.50,25974.40,75,75,75,300,300,1,1,1,4,4,25978.90,25979.80,25979.90,25980.00,25980.10,75,75,75,525,75,1,1,1,5,1
2025-12-29 07:18:56+00:00,12683010,NIFTY25DECFUT,25977.30,3349350,11154825,75,26023.89,297975,418350,26080.00,26100.20,25972.40,26060.20,-0.32,2025-12-29 07:18:54+00:00,0,375,BUY,375,0.0962,0.000615,25974.90,25974.80,25974.60,25974.50,25974.40,225,300,600,300,225,3,4,3,4,3,25977.30,25980.00,25980.70,25980.80,25980.90,75,525,600,75,600,1,5,1,1,1
2025-12-29 07:18:57+00:00,12683010,NIFTY25DECFUT,25976.80,3349875,11154825,75,26023.88,302250,418875,26080.00,26100.20,25972.40,26060.20,-0.32,2025-12-29 07:18:57+00:00,0,900,BUY,900,0.2500,0.000861,25975.90,25974.90,25974.80,25974.60,25974.50,75,75,300,750,150,1,1,4,5,2,25976.30,25980.00,25980.30,25980.90,25981.00,75,525,75,600,75,1,5,1,1,1
2025-12-29 07:18:58+00:00,12683010,NIFTY25DECFUT,25977.60,3350025,11154825,75,26023.88,302250,420525,26080.00,26100.20,25972.40,26060.20,-0.32,2025-12-29 07:18:57+00:00,0,675,BUY,675,0.1837,0.000626,25974.90,25974.80,25974.60,25974.50,25974.40,75,300,600,300,375,1,4,3,4,4,25975.60,25980.00,25980.30,25980.90,25981.00,75,525,75,600,75,1,5,1,1,1
2025-12-29 07:18:59+00:00,12683010,NIFTY25DECFUT,25977.60,3350250,11154825,75,26023.87,298050,421875,26080.00,26100.20,25972.40,26060.20,-0.32,2025-12-29 07:18:58+00:00,0,900,BUY,900,0.2308,0.000077,25976.00,25975.60,25974.60,25974.50,25974.40,75,75,600,75,300,1,1,3,1,3,25978.60,25980.00,25980.90,25981.00,25981.80,75,525,600,75,600,1,5,1,1,1
2025-12-29 07:19:00+00:00,12683010,NIFTY25DECFUT,25977.60,3350250,11154825,75,26023.87,291300,423675,26080.00,26100.20,25972.40,26060.20,-0.32,2025-12-29 07:18:58+00:00,0,225,BUY,225,0.0732,0.000000,25976.10,25976.00,25974.60,25974.50,25974.40,75,75,525,75,225,1,1,2,1,2,25980.00,25980.70,25980.80,25980.90,25981.00,525,600,75,600,75,5,1,1,1,1
2025-12-29 07:19:01+00:00,12683010,NIFTY25DECFUT,25976.90,3350250,11154825,75,26023.87,291300,423675,26080.00,26100.20,25972.40,26060.20,-0.32,2025-12-29 07:18:58+00:00,0,0,NEUTRAL,0,1.0000,0.000000,25976.10,25976.00,25974.60,25974.50,25974.40,75,75,525,75,225,1,1,2,1,2,25980.00,25980.70,25980.80,25980.90,25981.00,525,600,75,600,75,5,1,1,1,1
2025-12-29 07:19:03+00:00,12683010,NIFTY25DECFUT,25976.90,3350550,11154825,75,26023.87,295650,423525,26080.00,26100.20,25972.40,26060.20,-0.32,2025-12-29 07:19:01+00:00,0,300,SELL,-300,0.0606,0.000000,25976.20,25974.40,25974.30,25974.20,25974.10,150,150,150,750,1275,2,2,1,6,10,25979.40,25980.00,25980.30,25980.40,25980.50,375,525,600,75,600,1,5,1,1,1
2025-12-29 07:19:04+00:00,12683010,NIFTY25DECFUT,25979.30,3350700,11154825,75,26023.87,295875,420975,26080.00,26100.20,25972.40,26060.20,-0.31,2025-12-29 07:19:03+00:00,0,450,BUY,450,0.0952,0.000360,25976.20,25974.40,25974.30,25974.20,25974.10,150,150,150,600,1200,2,2,1,4,9,25979.40,25979.90,25980.00,25980.30,25980.40,225,600,525,600,75,1,1,5,1,1
2025-12-29 07:19:05+00:00,12683010,NIFTY25DECFUT,25979.30,3350775,11154825,75,26023.87,284625,421725,26080.00,26100.20,25972.40,26060.20,-0.31,2025-12-29 07:19:04+00:00,0,225,BUY,225,0.0682,0.000727,25976.30,25975.00,25974.40,25974.20,25974.10,75,75,75,450,375,1,1,1,2,3,25979.30,25979.40,25979.90,25980.00,25980.50,75,225,600,525,600,1,1,1,5,1
2025-12-29 07:19:06+00:00,12683010,NIFTY25DECFUT,25979.30,3350775,11154825,75,26023.87,291375,422100,26080.00,26100.20,25972.40,26060.20,-0.31,2025-12-29 07:19:04+00:00,0,0,NEUTRAL,0,1.0000,0.000000,25976.30,25975.00,25974.20,25974.10,25974.00,75,75,375,375,825,1,1,1,3,7,25979.40,25979.90,25980.00,25980.10,25980.60,225,600,1125,75,75,1,1,6,1,1
2025-12-29 07:19:07+00:00,12683010,NIFTY25DECFUT,25979.30,3350775,11154825,75,26023.87,293550,422100,26080.00,26100.20,25972.40,26060.20,-0.31,2025-12-29 07:19:04+00:00,0,75,BUY,75,0.0222,0.000030,25976.30,25975.00,25974.00,25973.90,25973.80,75,75,675,150,300,1,1,6,2,3,25979.30,25979.40,25979.90,25980.00,25980.10,75,225,600,1050,75,1,1,1,5,1
2025-12-29 07:19:08+00:00,12683010,NIFTY25DECFUT,25979.30,3350775,11154825,75,26023.87,287925,423450,26080.00,26100.20,25972.40,26060.20,-0.31,2025-12-29 07:19:04+00:00,0,0,NEUTRAL,0,1.0000,0.000000,25975.10,25974.20,25974.00,25973.60,25973.50,75,75,150,600,600,1,1,2,3,3,25979.20,25979.30,25979.40,25979.90,25980.00,75,675,225,600,525,1,2,1,1,5
2025-12-29 07:19:09+00:00,12683010,NIFTY25DECFUT,25980.00,3350775,11154825,75,26023.87,278175,423975,26080.00,26100.20,25972.40,26060.20,-0.31,2025-12-29 07:19:04+00:00,0,0,NEUTRAL,0,1.0000,0.000000,25975.10,25974.10,25974.00,25973.10,25973.00,150,75,75,75,375,2,1,1,1,3,25979.10,25979.20,25979.30,25979.40,25980.00,675,675,75,225,525,2,2,1,1,5
2025-12-29 07:19:10+00:00,12683010,NIFTY25DECFUT,25980.00,3352650,11154825,75,26023.84,292050,425925,26080.00,26100.20,25972.40,26060.20,-0.31,2025-12-29 07:19:09+00:00,0,1875,BUY,1875,0.3623,0.000135,25975.10,25974.10,25974.00,25973.10,25973.00,150,75,75,75,1125,2,1,1,1,6,25979.50,25979.80,25979.90,25980.00,25980.20,150,75,750,225,600,2,1,2,2,1
2025-12-29 07:19:11+00:00,12683010,NIFTY25DECFUT,25980.00,3352650,11154825,75,26023.84,295575,424200,26080.00,26100.20,25972.40,26060.20,-0.31,2025-12-29 07:19:09+00:00,0,1875,BUY,1875,0.3205,0.000120,25975.10,25974.10,25974.00,25973.40,25973.20,150,75,75,75,750,2,1,1,1,2,25978.00,25979.50,25980.00,25980.40,25980.50,75,150,225,600,1800,1,2,2,1,9
2025-12-29 07:19:12+00:00,12683010,NIFTY25DECFUT,25978.00,3352725,11154825,75,26023.84,294075,424950,26080.00,26100.20,25972.40,26060.20,-0.32,2025-12-29 07:19:12+00:00,0,75,BUY,75,0.0345,0.000000,25975.20,25974.10,25974.00,25973.40,25973.30,75,75,75,75,150,1,1,1,1,1,25979.40,25979.90,25980.00,25980.30,25980.40,75,75,225,600,675,1,1,2,1,2
2025-12-29 07:19:13+00:00,12683010,NIFTY25DECFUT,25978.00,3352725,11154825,75,26023.84,293400,424650,26080.00,26100.20,25972.40,26060.20,-0.32,2025-12-29 07:19:12+00:00,0,75,BUY,75,0.0357,0.000952,25975.20,25974.10,25974.00,25973.40,25973.10,75,75,75,75,75,1,1,1,1,1,25979.40,25979.80,25980.00,25980.30,25980.40,75,75,225,600,675,1,1,2,1,2
2025-12-29 07:19:14+00:00,12683010,NIFTY25DECFUT,25978.00,3352725,11154825,75,26023.84,295050,423900,26080.00,26100.20,25972.40,26060.20,-0.32,2025-12-29 07:19:12+00:00,0,75,BUY,75,0.0182,0.000485,25974.20,25974.10,25974.00,25973.10,25973.00,75,75,75,750,1425,1,1,1,3,8,25979.40,25979.80,25980.00,25980.30,25980.40,75,75,225,600,675,1,1,2,1,2
2025-12-29 07:19:15+00:00,12683010,NIFTY25DECFUT,25978.00,3352725,11154825,75,26023.84,296175,420750,26080.00,26100.20,25972.40,26060.20,-0.32,2025-12-29 07:19:12+00:00,0,0,NEUTRAL,0,1.0000,0.000000,25974.20,25974.10,25974.00,25973.30,25973.20,75,75,75,75,900,1,1,1,1,4,25979.40,25979.70,25980.00,25980.40,25980.50,75,75,225,675,1575,1,1,2,2,7
2025-12-29 07:19:16+00:00,12683010,NIFTY25DECFUT,25978.00,3352725,11154825,75,26023.84,295500,422250,26080.00,26100.20,25972.40,26060.20,-0.32,2025-12-29 07:19:12+00:00,0,0,NEUTRAL,0,1.0000,0.000000,25974.20,25974.10,25974.00,25973.40,25973.20,75,75,75,225,975,1,1,1,2,5,25979.70,25980.00,25980.30,25980.40,25980.50,150,225,600,675,975,2,2,1,2,6
2025-12-29 07:19:18+00:00,12683010,NIFTY25DECFUT,25974.30,3352875,11154825,75,26023.84,296025,421950,26080.00,26100.20,25972.40,26060.20,-0.33,2025-12-29 07:19:16+00:00,0,150,SELL,-150,0.0333,0.000822,25974.30,25974.20,25974.00,25973.40,25973.30,75,225,75,225,750,1,2,1,2,3,25979.70,25980.00,25980.40,25980.50,25980.60,150,300,75,975,1500,2,3,1,6,4
2025-12-29 07:19:19+00:00,12683010,NIFTY25DECFUT,25974.30,3352950,11154825,75,26023.84,290100,424200,26080.00,26100.20,25972.40,26060.20,-0.33,2025-12-29 07:19:17+00:00,0,75,SELL,-75,0.0192,0.000000,25974.00,25973.50,25973.10,25973.00,25972.90,225,75,75,525,975,2,1,1,4,6,25979.00,25979.60,25979.90,25980.00,25980.20,300,150,600,300,600,2,2,1,3,1
2025-12-29 07:19:20+00:00,12683010,NIFTY25DECFUT,25977.60,3353025,11154825,75,26023.84,291225,423975,26080.00,26100.20,25972.40,26060.20,-0.32,2025-12-29 07:19:20+00:00,0,75,BUY,75,0.0227,0.001000,25974.00,25973.40,25973.10,25973.00,25972.90,75,75,75,375,975,1,1,1,3,6,25977.60,25979.00,25979.50,25979.60,25979.90,75,300,600,75,600,1,2,1,1,1
2025-12-29 07:19:21+00:00,12683010,NIFTY25DECFUT,25977.60,3353025,11154825,75,26023.84,292875,423600,26080.00,26100.20,25972.40,26060.20,-0.32,2025-12-29 07:19:20+00:00,0,300,BUY,300,0.0727,0.000097,25974.00,25973.40,25973.00,25972.90,25972.80,75,75,375,975,675,1,1,3,6,2,25977.60,25979.00,25979.50,25979.60,25979.90,75,300,600,75,600,1,2,1,1,1
2025-12-29 07:19:22+00:00,12683010,NIFTY25DECFUT,25977.60,3353100,11154825,75,26023.84,294225,423300,26080.00,26100.20,25972.40,26060.20,-0.32,2025-12-29 07:19:22+00:00,0,75,BUY,75,0.0154,0.000000,25974.00,25973.40,25972.90,25972.80,25972.70,75,75,975,975,1350,1,1,6,2,8,25977.60,25979.00,25979.60,25979.90,25980.00,75,300,75,600,300,1,2,1,1,3
2025-12-29 07:19:23+00:00,12683010,NIFTY25DECFUT,25977.60,3353100,11154825,75,26023.84,293850,423525,26080.00,26100.20,25972.40,26060.20,-0.32,2025-12-29 07:19:22+00:00,0,75,BUY,75,0.0141,0.000000,25974.00,25973.40,25972.90,25972.80,25972.70,75,75,975,975,1200,1,1,6,2,7,25977.60,25979.00,25979.60,25979.90,25980.00,75,300,75,600,900,1,2,1,1,4
2025-12-29 07:19:24+00:00,12683010,NIFTY25DECFUT,25977.60,3353100,11154825,75,26023.84,293925,422250,26080.00,26100.20,25972.40,26060.20,-0.32,2025-12-29 07:19:22+00:00,0,0,NEUTRAL,0,1.0000,0.000000,25974.00,25973.00,25972.90,25972.70,25972.60,150,75,975,450,375,2,1,6,4,3,25977.60,25979.00,25979.50,25979.60,25979.90,75,300,600,75,600,1,2,1,1,1
2025-12-29 07:19:25+00:00,12683010,NIFTY25DECFUT,25977.60,3353175,11154825,75,26023.83,294450,421500,26080.00,26100.20,25972.40,26060.20,-0.32,2025-12-29 07:19:24+00:00,0,75,BUY,75,0.0233,0.000000,25974.00,25973.00,25972.90,25972.70,25972.60,150,75,750,150,900,2,1,4,2,4,25977.30,25979.00,25979.30,25979.50,25979.60,75,300,75,600,75,1,2,1,1,1
2025-12-29 07:19:26+00:00,12683010,NIFTY25DECFUT,25977.60,3353175,11154825,75,26023.83,294825,421650,26080.00,26100.20,25972.40,26060.20,-0.32,2025-12-29 07:19:24+00:00,0,150,BUY,150,0.0417,0.000000,25974.00,25973.00,25972.90,25972.80,25972.70,150,75,750,600,750,2,1,4,1,3,25977.30,25979.00,25979.30,25979.60,25979.90,75,300,75,75,600,1,2,1,1,1
2025-12-29 07:19:27+00:00,12683010,NIFTY25DECFUT,25977.60,3353175,11154825,75,26023.83,298425,420375,26080.00,26100.20,25972.40,26060.20,-0.32,2025-12-29 07:19:24+00:00,0,0,NEUTRAL,0,1.0000,0.000000,25974.00,25973.10,25972.90,25972.80,25972.70,150,75,825,900,1725,2,1,5,3,12,25976.80,25976.90,25979.00,25979.60,25979.90,75,75,225,75,600,1,1,1,1,1
2025-12-29 07:19:28+00:00,12683010,NIFTY25DECFUT,25979.00,3353250,11154825,225,26023.83,298950,419850,26080.00,26100.20,25972.40,26060.20,-0.31,2025-12-29 07:19:27+00:00,0,75,BUY,75,0.0143,0.000419,25974.00,25973.30,25973.00,25972.90,25972.80,75,75,750,1875,525,1,1,3,11,6,25976.90,25979.00,25979.60,25979.90,25980.00,75,225,75,600,900,1,1,1,1,4
2025-12-29 07:19:29+00:00,12683010,NIFTY25DECFUT,25974.00,3353550,11154825,75,26023.83,304350,420075,26080.00,26100.20,25972.40,26060.20,-0.33,2025-12-29 07:19:28+00:00,0,0,NEUTRAL,0,1.0000,0.000000,25974.00,25973.20,25973.10,25973.00,25972.90,75,300,75,975,1950,1,4,1,5,12,25974.20,25976.90,25979.90,25980.00,25980.10,75,75,600,900,525,1,1,1,4,2
2025-12-29 07:19:30+00:00,12683010,NIFTY25DECFUT,25974.00,3353625,11154825,75,26023.83,304275,420675,26080.00,26100.20,25972.40,26060.20,-0.33,2025-12-29 07:19:29+00:00,0,0,NEUTRAL,0,1.0000,0.000000,25973.20,25973.10,25973.00,25972.90,25972.80,75,375,825,1800,825,1,5,3,10,7,25974.20,25976.90,25979.90,25980.00,25980.10,75,75,600,900,525,1,1,1,4,2
2025-12-29 07:19:31+00:00,12683010,NIFTY25DECFUT,25974.00,3353625,11154825,75,26023.83,297825,422250,26080.00,26100.20,25972.40,26060.20,-0.33,2025-12-29 07:19:29+00:00,0,75,SELL,-75,0.0167,0.000000,25974.00,25973.20,25973.10,25973.00,25972.90,750,75,375,150,900,1,1,5,1,6,25974.80,25977.50,25979.90,25980.00,25980.10,75,75,600,900,525,1,1,1,4,2
2025-12-29 07:19:33+00:00,12683010,NIFTY25DECFUT,25974.00,3353625,11154825,75,26023.83,297300,427125,26080.00,26100.20,25972.40,26060.20,-0.33,2025-12-29 07:19:29+00:00,0,0,NEUTRAL,0,1.0000,0.000000,25974.00,25973.20,25972.70,25972.60,25972.50,900,75,300,675,1425,2,1,4,2,9,25975.00,25977.70,25979.90,25980.00,25980.10,75,75,600,1125,825,1,1,1,6,5
2025-12-29 07:19:34+00:00,12683010,NIFTY25DECFUT,25974.00,3353625,11154825,75,26023.83,297150,427125,26080.00,26100.20,25972.40,26060.20,-0.33,2025-12-29 07:19:29+00:00,0,0,NEUTRAL,0,1.0000,0.000000,25974.00,25973.20,25972.70,25972.60,25972.50,900,75,600,975,675,2,1,1,6,7,25975.00,25977.70,25979.90,25980.00,25980.10,75,75,600,1125,825,1,1,1,6,5
2025-12-29 07:19:35+00:00,12683010,NIFTY25DECFUT,25975.00,3353625,11154825,75,26023.83,297600,427275,26080.00,26100.20,25972.40,26060.20,-0.33,2025-12-29 07:19:29+00:00,0,0,NEUTRAL,0,1.0000,0.000000,25974.00,25973.20,25972.70,25972.60,25972.50,900,75,900,750,900,2,1,5,3,10,25975.00,25977.70,25980.00,25980.10,25980.20,75,75,525,1425,1800,1,1,5,6,8
2025-12-29 07:19:37+00:00,12683010,NIFTY25DECFUT,25974.00,3353925,11154825,150,26023.82,292950,428475,26080.00,26100.20,25972.40,26060.20,-0.33,2025-12-29 07:19:37+00:00,0,300,SELL,-300,0.0606,0.000202,25974.00,25973.10,25972.60,25972.50,25972.40,600,75,75,1200,1275,1,1,1,6,9,25975.30,25977.50,25979.70,25979.80,25979.90,75,75,600,75,600,1,1,1,1,1
2025-12-29 07:19:38+00:00,12683010,NIFTY25DECFUT,25978.00,3354000,11154825,75,26023.82,285225,429075,26080.00,26100.20,25972.40,26060.20,-0.32,2025-12-29 07:19:37+00:00,0,375,BUY,375,0.0962,0.001026,25974.80,25974.00,25973.50,25972.60,25972.40,150,600,75,75,75,1,1,1,1,1,25975.80,25978.00,25979.40,25979.50,25979.60,75,75,1125,1125,150,1,1,3,3,1
2025-12-29 07:19:39+00:00,12683010,NIFTY25DECFUT,25978.00,3354150,11154825,75,26023.82,289425,429450,26080.00,26100.20,25972.40,26060.20,-0.32,2025-12-29 07:19:38+00:00,0,525,BUY,525,0.1045,0.000796,25974.60,25974.00,25972.60,25972.40,25972.00,75,600,75,75,300,1,1,1,1,4,25975.80,25979.00,25979.30,25979.40,25979.50,75,150,825,1125,1200,1,1,3,3,7
2025-12-29 07:19:40+00:00,12683010,NIFTY25DECFUT,25974.50,3354225,11154825,75,26023.82,290850,429750,26080.00,26100.20,25972.40,26060.20,-0.33,2025-12-29 07:19:39+00:00,0,0,NEUTRAL,0,1.0000,0.000000,25974.70,25974.00,25972.60,25972.40,25972.10,150,600,75,75,600,2,1,1,1,1,25975.70,25979.00,25979.30,25979.40,25979.50,75,150,825,1125,1575,1,1,3,3,8
2025-12-29 07:19:41+00:00,12683010,NIFTY25DECFUT,25974.00,3354825,11154825,75,26023.81,290325,420600,26080.00,26100.20,25972.40,26060.20,-0.33,2025-12-29 07:19:40+00:00,0,0,NEUTRAL,0,1.0000,0.000000,25974.00,25972.60,25972.40,25972.10,25972.00,225,75,75,600,825,1,1,1,1,4,25974.70,25978.70,25978.90,25979.00,25979.10,75,75,75,1125,1425,1,1,1,5,5
2025-12-29 07:19:42+00:00,12683010,NIFTY25DECFUT,25974.00,3354825,11154825,75,26023.81,296325,425400,26080.00,26100.20,25972.40,26060.20,-0.33,2025-12-29 07:19:40+00:00,0,600,SELL,-600,0.1356,0.000113,25974.00,25972.60,25972.40,25972.10,25972.00,225,75,75,75,1125,1,1,1,1,10,25974.70,25977.40,25979.00,25979.20,25979.30,75,75,150,600,1350,1,1,1,1,5
2025-12-29 07:19:43+00:00,12683010,NIFTY25DECFUT,25974.00,3354825,11154825,75,26023.81,295200,424425,26080.00,26100.20,25972.40,26060.20,-0.33,2025-12-29 07:19:40+00:00,0,0,NEUTRAL,0,1.0000,0.000000,25974.00,25972.60,25972.40,25972.10,25972.00,225,75,75,75,1350,1,1,1,1,6,25974.70,25977.40,25978.90,25979.00,25979.10,75,75,600,150,600,1,1,1,1,1
2025-12-29 07:19:44+00:00,12683010,NIFTY25DECFUT,25974.00,3354825,11154825,75,26023.81,295125,424725,26080.00,26100.20,25972.40,26060.20,-0.33,2025-12-29 07:19:40+00:00,0,0,NEUTRAL,0,1.0000,0.000000,25974.00,25973.10,25972.60,25972.40,25972.20,225,75,75,75,600,1,1,1,1,1,25975.50,25978.20,25979.00,25979.10,25979.30,75,75,150,75,1425,1,1,1,1,5
2025-12-29 07:19:45+00:00,12683010,NIFTY25DECFUT,25974.00,3354900,11154825,75,26023.81,291675,424800,26080.00,26100.20,25972.40,26060.20,-0.33,2025-12-29 07:19:45+00:00,0,75,SELL,-75,0.0357,0.000000,25974.00,25972.80,25972.60,25972.40,25972.10,150,75,75,75,75,1,1,1,1,1,25975.50,25978.20,25978.90,25979.00,25979.10,75,75,600,750,75,1,1,1,2,1
2025-12-29 07:19:46+00:00,12683010,NIFTY25DECFUT,25974.00,3354900,11154825,75,26023.81,290325,423825,26080.00,26100.20,25972.40,26060.20,-0.33,2025-12-29 07:19:45+00:00,0,75,SELL,-75,0.0370,0.000000,25974.00,25972.70,25972.60,25972.40,25972.10,150,75,75,75,600,1,1,1,1,1,25975.50,25978.20,25979.00,25979.10,25979.20,75,75,150,75,600,1,1,1,1,1
2025-12-29 07:19:47+00:00,12683010,NIFTY25DECFUT,25974.50,3355425,11154825,75,26023.80,294975,422550,26080.00,26100.20,25972.40,26060.20,-0.33,2025-12-29 07:19:47+00:00,0,525,SELL,-525,0.1077,0.000103,25974.00,25972.60,25972.50,25972.40,25972.30,150,75,900,675,300,1,1,5,2,4,25975.70,25978.20,25979.30,25979.40,25979.50,75,75,675,825,600,1,1,3,4,3
2025-12-29 07:19:48+00:00,12683010,NIFTY25DECFUT,25974.50,3355425,11154825,75,26023.80,294975,422550,26080.00,26100.20,25972.40,26060.20,-0.33,2025-12-29 07:19:47+00:00,0,525,SELL,-525,0.1077,0.000103,25974.00,25972.60,25972.50,25972.40,25972.30,150,75,900,675,300,1,1,5,2,4,25975.70,25978.20,25979.30,25979.40,25979.50,75,75,675,825,600,1,1,3,4,3
2025-12-29 07:19:51+00:00,12683010,NIFTY25DECFUT,25974.50,3355425,11154825,75,26023.80,297225,423600,26080.00,26100.20,25972.40,26060.20,-0.33,2025-12-29 07:19:47+00:00,0,0,NEUTRAL,0,1.0000,0.000000,25974.00,25973.30,25972.70,25972.60,25972.50,150,75,1275,675,600,1,1,6,2,7,25975.70,25978.40,25979.80,25979.90,25980.00,75,75,75,1050,1725,1,1,1,4,8
2025-12-29 07:19:52+00:00,12683010,NIFTY25DECFUT,25974.50,3355425,11154825,75,26023.80,296925,423150,26080.00,26100.20,25972.40,26060.20,-0.33,2025-12-29 07:19:47+00:00,0,600,SELL,-600,0.1026,0.000085,25974.00,25973.20,25972.90,25972.80,25972.70,150,75,600,900,525,1,1,1,5,3,25975.70,25978.40,25979.80,25979.90,25980.00,75,75,75,1050,1725,1,1,1,4,8
2025-12-29 07:19:53+00:00,12683010,NIFTY25DECFUT,25974.50,3355425,11154825,75,26023.80,296700,412950,26080.00,26100.20,25972.40,26060.20,-0.33,2025-12-29 07:19:47+00:00,0,0,NEUTRAL,0,1.0000,0.000000,25974.10,25974.00,25973.20,25973.00,25972.90,75,150,300,675,975,1,1,4,2,6,25975.70,25978.40,25980.00,25980.10,25980.20,75,75,300,150,150,1,1,3,1,1
2025-12-29 07:19:54+00:00,12683010,NIFTY25DECFUT,25974.50,3355425,11154825,75,26023.80,300750,419475,26080.00,26100.20,25972.40,26060.20,-0.33,2025-12-29 07:19:47+00:00,0,0,NEUTRAL,0,1.0000,0.000000,25974.10,25974.00,25973.80,25973.60,25973.50,75,150,300,675,975,1,1,4,5,6,25975.70,25978.40,25980.00,25980.60,25980.80,75,75,300,75,150,1,1,3,1,2
2025-12-29 07:19:55+00:00,12683010,NIFTY25DECFUT,25974.50,3355425,11154825,75,26023.80,300525,421800,26080.00,26100.20,25972.40,26060.20,-0.33,2025-12-29 07:19:47+00:00,0,0,NEUTRAL,0,1.0000,0.000000,25974.00,25973.80,25973.70,25973.60,25973.50,300,300,675,1200,375,2,4,2,4,4,25975.70,25978.40,25980.00,25980.60,25980.80,75,75,300,75,600,1,1,3,1,1
2025-12-29 07:19:56+00:00,12683010,NIFTY25DECFUT,25975.70,3355500,11154825,75,26023.80,303300,421875,26080.00,26100.20,25972.40,26060.20,-0.32,2025-12-29 07:19:56+00:00,0,75,BUY,75,0.0200,0.000320,25974.90,25974.00,25973.90,25973.80,25973.70,150,375,300,675,1050,1,3,4,2,6,25975.70,25978.40,25980.00,25980.60,25980.80,75,75,300,75,600,1,1,3,1,1
2025-12-29 07:19:57+00:00,12683010,NIFTY25DECFUT,25975.70,3355725,11154825,75,26023.80,303525,422475,26080.00,26100.20,25972.40,26060.20,-0.32,2025-12-29 07:19:56+00:00,0,300,BUY,300,0.0519,0.000208,25974.00,25973.80,25973.70,25973.60,25973.50,300,375,975,1350,1350,2,5,5,6,13,25975.70,25978.40,25980.00,25980.60,25980.80,75,75,300,75,600,1,1,3,1,1
2025-12-29 07:19:58+00:00,12683010,NIFTY25DECFUT,25974.70,3355725,11154825,75,26023.80,302700,422475,26080.00,26100.20,25972.40,26060.20,-0.33,2025-12-29 07:19:56+00:00,0,300,SELL,-300,0.0755,0.000050,25974.70,25974.00,25973.90,25973.80,25973.70,525,150,600,900,375,2,1,1,5,4,25975.70,25978.40,25980.00,25980.60,25980.80,75,75,300,75,600,1,1,3,1,1
2025-12-29 07:19:59+00:00,12683010,NIFTY25DECFUT,25975.80,3356250,11154825,75,26023.79,299250,422850,26080.00,26100.20,25972.40,26060.20,-0.32,2025-12-29 07:19:59+00:00,0,525,BUY,525,0.1129,0.000022,25974.00,25973.90,25973.80,25973.70,25973.60,150,75,300,900,1350,1,1,4,4,7,25975.80,25978.50,25980.00,25980.60,25980.90,75,75,300,75,825,1,1,3,1,3
2025-12-29 07:20:00+00:00,12683010,NIFTY25DECFUT,25975.80,3356250,11154825,75,26023.79,302925,421200,26080.00,26100.20,25972.40,26060.20,-0.32,2025-12-29 07:19:59+00:00,0,525,BUY,525,0.0854,0.000179,25974.00,25973.90,25973.80,25973.70,25973.60,525,75,1125,1125,900,6,1,7,7,7,25975.80,25978.50,25980.00,25980.90,25981.00,75,75,300,225,1200,1,1,3,2,4
2025-12-29 07:20:01+00:00,12683010,NIFTY25DECFUT,25975.80,3356250,11154825,75,26023.79,301425,420450,26080.00,26100.20,25972.40,26060.20,-0.32,2025-12-29 07:19:59+00:00,0,0,NEUTRAL,0,1.0000,0.000000,25974.00,25973.90,25973.80,25973.70,25973.60,525,225,375,1950,1575,6,2,5,17,11,25975.80,25977.70,25978.50,25980.00,25980.80,75,225,75,300,600,1,1,1,3,1
2025-12-29 07:20:02+00:00,12683010,NIFTY25DECFUT,25975.80,3356325,11154825,75,26023.79,301950,421425,26080.00,26100.20,25972.40,26060.20,-0.32,2025-12-29 07:20:01+00:00,0,75,BUY,75,0.0127,0.000000,25974.00,25973.90,25973.80,25973.70,25973.60,675,150,300,1800,1650,8,1,4,15,12,25975.80,25977.70,25978.50,25980.00,25980.80,75,225,75,300,600,1,1,1,3,1
2025-12-29 07:20:03+00:00,12683010,NIFTY25DECFUT,25975.80,3356325,11154825,75,26023.79,294825,421725,26080.00,26100.20,25972.40,26060.20,-0.32,2025-12-29 07:20:01+00:00,0,150,BUY,150,0.0435,0.000319,25974.00,25973.90,25973.80,25973.70,25973.60,300,150,75,525,975,3,1,1,7,7,25975.80,25977.70,25978.50,25980.00,25980.80,75,225,75,300,600,1,1,1,3,1
2025-12-29 07:20:04+00:00,12683010,NIFTY25DECFUT,25974.00,3356325,11154825,75,26023.79,294825,421725,26080.00,26100.20,25972.40,26060.20,-0.33,2025-12-29 07:20:01+00:00,0,75,SELL,-75,0.0222,0.000533,25974.00,25973.90,25973.80,25973.70,25973.60,300,150,75,525,975,3,1,1,7,7,25975.80,25977.70,25978.50,25980.00,25980.80,75,225,75,300,600,1,1,1,3,1
2025-12-29 07:20:05+00:00,12683010,NIFTY25DECFUT,25974.00,3356400,11154825,75,26023.79,297675,422325,26080.00,26100.20,25972.40,26060.20,-0.33,2025-12-29 07:20:04+00:00,0,75,SELL,-75,0.0182,0.000436,25974.00,25973.80,25973.70,25973.60,25973.50,225,375,75,975,1125,3,5,1,8,7,25975.70,25977.70,25978.50,25980.00,25980.80,75,225,75,300,600,1,1,1,3,1
2025-12-29 07:20:06+00:00,12683010,NIFTY25DECFUT,25974.00,3356400,11154825,75,26023.79,298050,422325,26080.00,26100.20,25972.40,26060.20,-0.33,2025-12-29 07:20:04+00:00,0,75,SELL,-75,0.0217,0.000000,25974.00,25973.80,25973.70,25973.60,25973.50,150,375,75,975,525,2,5,1,7,6,25975.70,25977.70,25978.40,25980.00,25980.80,75,225,75,300,600,1,1,1,3,1
2025-12-29 07:20:07+00:00,12683010,NIFTY25DECFUT,25975.70,3356400,11154825,75,26023.79,297675,422025,26080.00,26100.20,25972.40,26060.20,-0.32,2025-12-29 07:20:04+00:00,0,0,NEUTRAL,0,1.0000,0.000000,25974.00,25973.90,25973.80,25973.70,25973.60,150,300,75,300,825,2,4,1,3,6,25975.70,25977.70,25978.40,25980.00,25980.80,75,225,75,300,600,1,1,1,3,1
2025-12-29 07:20:08+00:00,12683010,NIFTY25DECFUT,25975.70,3356475,11154825,75,26023.79,300225,421575,26080.00,26100.20,25972.40,26060.20,-0.32,2025-12-29 07:20:07+00:00,0,75,BUY,75,0.0147,0.000333,25974.00,25973.80,25973.70,25973.60,25973.50,375,150,600,975,1650,5,2,7,7,9,25975.70,25977.70,25978.40,25980.00,25980.80,75,225,75,300,600,1,1,1,3,1
2025-12-29 07:20:09+00:00,12683010,NIFTY25DECFUT,25975.70,3356475,11154825,75,26023.79,298275,421875,26080.00,26100.20,25972.40,26060.20,-0.32,2025-12-29 07:20:07+00:00,0,75,BUY,75,0.0256,0.000000,25974.10,25974.00,25973.80,25973.70,25973.60,75,75,75,525,825,1,1,1,6,5,25975.70,25977.70,25978.40,25980.00,25980.80,75,225,75,300,600,1,1,1,3,1
2025-12-29 07:20:10+00:00,12683010,NIFTY25DECFUT,25975.70,3356475,11154825,75,26023.79,297375,421350,26080.00,26100.20,25972.40,26060.20,-0.32,2025-12-29 07:20:07+00:00,0,0,NEUTRAL,0,1.0000,0.000000,25974.10,25974.00,25973.80,25973.70,25973.60,75,75,75,525,825,1,1,1,6,5,25975.70,25977.70,25978.40,25980.00,25980.80,75,225,75,300,600,1,1,1,3,1
2025-12-29 07:20:11+00:00,12683010,NIFTY25DECFUT,25975.70,3356475,11154825,75,26023.79,295350,422325,26080.00,26100.20,25972.40,26060.20,-0.32,2025-12-29 07:20:07+00:00,0,0,NEUTRAL,0,1.0000,0.000000,25975.00,25974.10,25974.00,25973.80,25973.70,75,225,75,75,525,1,2,1,1,6,25975.70,25977.70,25978.40,25980.00,25980.80,75,225,75,300,600,1,1,1,3,1
2025-12-29 07:20:12+00:00,12683010,NIFTY25DECFUT,25975.70,3356475,11163750,75,26023.79,295275,422775,26080.00,26100.20,25972.40,26060.20,-0.32,2025-12-29 07:20:07+00:00,8925,0,NEUTRAL,0,1.0000,0.000000,25975.00,25974.10,25974.00,25973.70,25973.60,75,225,75,525,450,1,2,1,6,4,25975.70,25977.70,25978.40,25980.00,25980.80,75,225,75,300,600,1,1,1,3,1
2025-12-29 07:20:14+00:00,12683010,NIFTY25DECFUT,25975.70,3356850,11163750,150,26023.78,290475,423900,26080.00,26100.20,25972.40,26060.20,-0.32,2025-12-29 07:20:12+00:00,0,0,NEUTRAL,0,1.0000,0.000000,25974.60,25974.00,25973.60,25973.50,25973.40,75,75,225,825,225,1,1,2,6,2,25975.40,25975.60,25975.70,25976.50,25977.70,975,150,75,975,225,1,1,1,1,1
2025-12-29 07:20:15+00:00,12683010,NIFTY25DECFUT,25975.40,3356850,11163750,75,26023.78,290475,423900,26080.00,26100.20,25972.40,26060.20,-0.33,2025-12-29 07:20:12+00:00,0,225,BUY,225,0.0556,0.000074,25974.60,25974.00,25973.60,25973.50,25973.40,75,75,225,825,225,1,1,2,6,2,25975.40,25975.60,25975.70,25976.50,25977.70,975,150,75,975,225,1,1,1,1,1
2025-12-29 07:20:16+00:00,12683010,NIFTY25DECFUT,25975.40,3357075,11163750,75,26023.78,289350,422925,26080.00,26100.20,25972.40,26060.20,-0.33,2025-12-29 07:20:15+00:00,0,0,NEUTRAL,0,1.0000,0.000000,25974.60,25974.00,25973.30,25973.10,25973.00,75,75,150,525,150,1,1,2,6,1,25975.30,25975.40,25975.60,25976.50,25977.70,150,750,75,975,225,1,1,1,1,1
2025-12-29 07:20:17+00:00,12683010,NIFTY25DECFUT,25975.00,3357150,11163750,75,26023.78,292200,423300,26080.00,26100.20,25972.40,26060.20,-0.33,2025-12-29 07:20:17+00:00,0,75,BUY,75,0.0233,0.000000,25974.00,25973.30,25973.10,25973.00,25972.90,75,75,375,150,375,1,1,5,1,1,25975.10,25975.40,25975.50,25976.30,25977.70,75,75,750,975,225,1,1,1,1,1
2025-12-29 07:20:18+00:00,12683010,NIFTY25DECFUT,25975.50,3357975,11163750,75,26023.77,295650,422175,26080.00,26100.20,25972.40,26060.20,-0.33,2025-12-29 07:20:18+00:00,0,825,BUY,825,0.1618,0.000255,25973.30,25973.00,25972.90,25972.80,25972.70,75,300,375,675,1200,1,3,1,7,11,25976.50,25977.70,25978.30,25980.00,25980.10,975,225,75,300,75,1,1,1,3,1
2025-12-29 07:20:19+00:00,12683010,NIFTY25DECFUT,25975.50,3357975,11163750,75,26023.77,301200,421500,26080.00,26100.20,25972.40,26060.20,-0.33,2025-12-29 07:20:18+00:00,0,825,BUY,825,0.1692,0.000103,25973.30,25973.10,25973.00,25972.90,25972.80,375,150,225,750,825,5,1,3,6,8,25974.60,25974.90,25976.60,25977.70,25979.40,375,75,975,225,75,1,1,1,1,1
2025-12-29 07:20:20+00:00,12683010,NIFTY25DECFUT,25980.00,3357975,11163750,75,26023.77,302100,421500,26080.00,26100.20,25972.40,26060.20,-0.31,2025-12-29 07:20:18+00:00,0,0,NEUTRAL,0,1.0000,0.000000,25973.30,25973.10,25973.00,25972.90,25972.80,375,300,150,675,1575,5,3,2,5,11,25974.60,25974.90,25976.60,25977.70,25979.40,375,75,975,225,75,1,1,1,1,1
2025-12-29 07:20:21+00:00,12683010,NIFTY25DECFUT,25975.90,3360225,11163750,75,26023.73,300825,418875,26080.00,26100.20,25972.40,26060.20,-0.32,2025-12-29 07:20:21+00:00,0,2250,SELL,-2250,0.3896,0.000069,25975.60,25974.40,25973.70,25973.60,25973.50,75,75,75,750,975,1,1,1,3,5,25979.90,25980.00,25980.70,25980.80,25980.90,75,225,150,375,750,1,2,2,3,5
2025-12-29 07:20:22+00:00,12683010,NIFTY25DECFUT,25975.90,3360225,11163750,75,26023.73,300000,422775,26080.00,26100.20,25972.40,26060.20,-0.32,2025-12-29 07:20:21+00:00,0,2250,BUY,2250,0.4688,0.000854,25975.60,25974.50,25973.80,25973.70,25973.60,75,75,300,75,600,1,1,4,1,4,25975.90,25976.20,25979.90,25980.00,25980.60,450,75,75,225,600,1,1,1,2,1
2025-12-29 07:20:23+00:00,12683010,NIFTY25DECFUT,25975.90,3360225,11163750,75,26023.73,297300,423000,26080.00,26100.20,25972.40,26060.20,-0.32,2025-12-29 07:20:21+00:00,0,0,NEUTRAL,0,1.0000,0.000000,25975.60,25975.50,25974.50,25973.80,25973.70,75,75,75,300,75,1,1,1,4,1,25976.00,25976.30,25979.90,25980.00,25980.60,450,75,75,225,600,1,1,1,2,1
2025-12-29 07:20:24+00:00,12683010,NIFTY25DECFUT,25975.90,3360225,11163750,75,26023.73,296175,423000,26080.00,26100.20,25972.40,26060.20,-0.32,2025-12-29 07:20:21+00:00,0,0,NEUTRAL,0,1.0000,0.000000,25975.80,25975.70,25975.50,25973.90,25973.70,75,150,150,300,375,1,1,2,4,4,25976.00,25976.30,25979.90,25980.00,25980.70,450,75,75,225,600,1,1,1,2,1
2025-12-29 07:20:25+00:00,12683010,NIFTY25DECFUT,25975.90,3360225,11163750,75,26023.73,295425,422925,26080.00,26100.20,25972.40,26060.20,-0.32,2025-12-29 07:20:21+00:00,0,0,NEUTRAL,0,1.0000,0.000000,25975.80,25975.70,25975.50,25973.90,25973.70,75,150,150,300,225,1,1,2,4,2,25976.00,25976.30,25979.90,25980.00,25980.70,450,75,75,225,600,1,1,1,2,1
2025-12-29 07:20:26+00:00,12683010,NIFTY25DECFUT,25975.80,3360750,11163750,150,26023.73,294000,423225,26080.00,26100.20,25972.40,26060.20,-0.32,2025-12-29 07:20:25+00:00,0,0,NEUTRAL,0,1.0000,0.000000,25975.90,25975.70,25975.50,25974.70,25973.80,75,150,75,75,300,1,1,1,1,4,25976.60,25979.90,25980.00,25980.80,25980.90,75,75,225,825,1275,1,1,2,3,5
2025-12-29 07:20:27+00:00,12683010,NIFTY25DECFUT,25975.80,3360750,11163750,150,26023.73,293250,423000,26080.00,26100.20,25972.40,26060.20,-0.32,2025-12-29 07:20:25+00:00,0,525,SELL,-525,0.2258,0.000043,25976.00,25975.90,25975.50,25974.80,25973.80,150,75,75,75,375,1,1,1,1,5,25976.60,25979.30,25979.90,25980.00,25980.70,75,75,75,225,600,1,1,1,2,1
2025-12-29 07:20:28+00:00,12683010,NIFTY25DECFUT,25975.80,3360750,11163750,150,26023.73,292275,423000,26080.00,26100.20,25972.40,26060.20,-0.32,2025-12-29 07:20:25+00:00,0,525,SELL,-525,0.3043,0.000058,25976.00,25975.90,25975.50,25974.80,25974.10,150,75,75,75,300,1,1,1,1,4,25976.10,25976.40,25979.30,25979.90,25980.00,75,75,75,75,225,1,1,1,1,2
2025-12-29 07:20:29+00:00,12683010,NIFTY25DECFUT,25975.80,3360750,11163750,150,26023.73,290625,423000,26080.00,26100.20,25972.40,26060.20,-0.32,2025-12-29 07:20:25+00:00,0,0,NEUTRAL,0,1.0000,0.000000,25976.00,25975.90,25975.50,25974.80,25974.10,150,75,75,75,300,1,1,1,1,4,25976.10,25976.40,25979.10,25979.90,25980.00,75,75,75,75,225,1,1,1,1,2
2025-12-29 07:20:30+00:00,12683010,NIFTY25DECFUT,25975.80,3360750,11163750,150,26023.73,290700,422400,26080.00,26100.20,25972.40,26060.20,-0.32,2025-12-29 07:20:25+00:00,0,0,NEUTRAL,0,1.0000,0.000000,25976.00,25975.90,25975.50,25974.80,25974.10,150,75,75,75,300,1,1,1,1,4,25976.10,25976.40,25979.10,25979.90,25980.00,75,75,75,75,225,1,1,1,1,2
2025-12-29 07:20:31+00:00,12683010,NIFTY25DECFUT,25976.10,3360750,11163750,75,26023.73,289650,421800,26080.00,26100.20,25972.40,26060.20,-0.32,2025-12-29 07:20:25+00:00,0,0,NEUTRAL,0,1.0000,0.000000,25976.00,25975.90,25975.50,25974.80,25974.10,150,75,75,75,300,1,1,1,1,4,25976.10,25976.40,25979.10,25979.90,25980.00,150,75,75,75,225,2,1,1,1,2
2025-12-29 07:20:32+00:00,12683010,NIFTY25DECFUT,25980.00,3361425,11163750,75,26023.72,290925,412350,26080.00,26100.20,25972.40,26060.20,-0.31,2025-12-29 07:20:32+00:00,0,675,BUY,675,0.2571,0.001600,25976.10,25976.00,25975.90,25975.70,25975.50,225,150,75,75,75,2,1,1,1,1,25980.50,25980.90,25981.00,25981.50,25981.60,75,75,75,600,525,1,1,1,3,2
2025-12-29 07:20:34+00:00,12683010,NIFTY25DECFUT,25976.20,3361500,11163750,75,26023.72,293775,421500,26080.00,26100.20,25972.40,26060.20,-0.32,2025-12-29 07:20:34+00:00,0,675,SELL,-675,0.3333,0.000049,25976.20,25976.10,25975.90,25975.50,25974.70,75,300,150,75,300,1,3,2,1,4,25977.70,25979.70,25980.00,25980.50,25980.90,75,150,75,75,75,1,1,1,1,1
2025-12-29 07:20:35+00:00,12683010,NIFTY25DECFUT,25976.10,3362100,11163750,75,26023.71,298125,421650,26080.00,26100.20,25972.40,26060.20,-0.32,2025-12-29 07:20:35+00:00,0,675,BUY,675,0.3600,0.002080,25975.90,25975.60,25975.50,25974.80,25974.60,75,75,75,300,225,1,1,1,4,2,25976.10,25976.40,25979.70,25980.00,25980.50,75,75,150,75,75,1,1,1,1,1
2025-12-29 07:20:36+00:00,12683010,NIFTY25DECFUT,25976.10,3362175,11163750,75,26023.71,293925,421425,26080.00,26100.20,25972.40,26060.20,-0.32,2025-12-29 07:20:35+00:00,0,75,SELL,-75,0.0588,0.000000,25975.90,25975.50,25974.80,25974.60,25974.50,75,75,75,225,300,1,1,1,2,4,25977.50,25979.70,25980.00,25980.50,25980.90,75,150,75,75,75,1,1,1,1,1
2025-12-29 07:20:37+00:00,12683010,NIFTY25DECFUT,25977.20,3362175,11163750,75,26023.71,291450,418350,26080.00,26100.20,25972.40,26060.20,-0.32,2025-12-29 07:20:35+00:00,0,75,BUY,75,0.0556,0.000815,25975.90,25975.50,25974.70,25974.60,25974.40,75,75,75,225,375,1,1,1,2,5,25977.20,25979.70,25980.00,25980.20,25980.50,75,150,75,75,75,1,1,1,1,1
2025-12-29 07:20:38+00:00,12683010,NIFTY25DECFUT,25977.20,3362250,11163750,75,26023.71,292200,418875,26080.00,26100.20,25972.40,26060.20,-0.32,2025-12-29 07:20:37+00:00,0,75,BUY,75,0.0625,0.000000,25975.90,25975.50,25974.60,25974.40,25974.30,75,75,150,75,300,1,1,2,1,2,25978.10,25979.70,25980.00,25980.20,25980.50,75,150,75,75,75,1,1,1,1,1
2025-12-29 07:20:39+00:00,12683010,NIFTY25DECFUT,25975.50,3362625,11163750,75,26023.70,298425,417675,26080.00,26100.20,25972.40,26060.20,-0.33,2025-12-29 07:20:39+00:00,0,1125,SELL,-1125,0.1899,0.000118,25974.60,25974.40,25974.30,25974.20,25974.10,75,75,600,2025,1650,1,1,6,12,11,25980.00,25980.20,25980.50,25980.90,25981.00,75,75,75,75,75,1,1,1,1,1
2025-12-29 07:20:40+00:00,12683010,NIFTY25DECFUT,25975.50,3362625,11163750,75,26023.70,300225,418200,26080.00,26100.20,25972.40,26060.20,-0.33,2025-12-29 07:20:39+00:00,0,375,SELL,-375,0.0694,0.000315,25974.60,25974.40,25974.30,25974.20,25974.10,75,225,600,1875,1800,1,2,6,11,13,25979.00,25980.00,25980.50,25980.90,25981.00,75,75,150,75,75,1,1,2,1,1
2025-12-29 07:20:41+00:00,12683010,NIFTY25DECFUT,25975.50,3362625,11163750,75,26023.70,300150,418875,26080.00,26100.20,25972.40,26060.20,-0.33,2025-12-29 07:20:39+00:00,0,0,NEUTRAL,0,1.0000,0.000000,25974.60,25974.40,25974.30,25974.20,25974.10,225,225,450,1350,1500,2,2,4,11,13,25978.20,25979.00,25980.00,25980.50,25980.90,75,75,75,150,75,1,1,1,2,1
2025-12-29 07:20:42+00:00,12683010,NIFTY25DECFUT,25975.50,3362625,11163750,75,26023.70,300150,418950,26080.00,26100.20,25972.40,26060.20,-0.33,2025-12-29 07:20:39+00:00,0,0,NEUTRAL,0,1.0000,0.000000,25974.60,25974.40,25974.30,25974.20,25974.10,225,225,450,1350,1350,2,2,4,11,11,25977.90,25979.00,25980.00,25980.30,25980.50,75,75,75,75,75,1,1,1,1,1
2025-12-29 07:20:43+00:00,12683010,NIFTY25DECFUT,25975.50,3362625,11163750,75,26023.70,300150,417675,26080.00,26100.20,25972.40,26060.20,-0.33,2025-12-29 07:20:39+00:00,0,0,NEUTRAL,0,1.0000,0.000000,25974.60,25974.40,25974.30,25974.20,25974.10,225,375,375,1350,1275,2,4,3,11,10,25978.10,25979.00,25980.00,25980.30,25980.50,75,75,75,75,75,1,1,1,1,1
2025-12-29 07:20:45+00:00,12683010,NIFTY25DECFUT,25974.30,3362625,11163750,75,26023.70,292200,422025,26080.00,26100.20,25972.40,26060.20,-0.33,2025-12-29 07:20:39+00:00,0,375,BUY,375,0.1786,0.000762,25974.20,25974.00,25973.40,25973.30,25973.20,150,75,75,75,450,1,1,1,1,4,25974.30,25975.20,25979.00,25979.90,25980.00,75,75,75,600,75,1,1,1,1,1
2025-12-29 07:20:46+00:00,12683010,NIFTY25DECFUT,25974.30,3362700,11163750,75,26023.70,290250,421950,26080.00,26100.20,25972.40,26060.20,-0.33,2025-12-29 07:20:45+00:00,0,75,SELL,-75,0.0278,0.000444,25974.00,25973.30,25973.10,25973.00,25972.90,75,75,450,375,150,1,1,2,5,2,25975.10,25977.30,25979.00,25979.90,25980.00,75,75,75,600,675,1,1,1,1,2
2025-12-29 07:20:47+00:00,12683010,NIFTY25DECFUT,25975.10,3363150,11163750,75,26023.69,285150,424275,26080.00,26100.20,25972.40,26060.20,-0.33,2025-12-29 07:20:47+00:00,0,450,BUY,450,0.1500,0.000267,25972.60,25972.50,25972.40,25972.30,25972.20,75,75,75,300,600,1,1,1,3,4,25976.20,25977.20,25978.90,25979.00,25979.30,75,75,600,75,600,1,1,1,1,1
2025-12-29 07:20:48+00:00,12683010,NIFTY25DECFUT,25974.20,3363675,11163750,75,26023.68,290025,423300,26080.00,26100.20,25972.40,26060.20,-0.33,2025-12-29 07:20:48+00:00,0,975,SELL,-975,0.2241,0.000023,25972.60,25972.50,25972.40,25972.30,25972.20,75,75,75,300,675,1,1,1,3,5,25977.20,25978.50,25979.40,25979.50,25979.60,75,225,525,600,750,1,2,2,3,2
2025-12-29 07:20:50+00:00,12683010,NIFTY25DECFUT,25976.60,3363675,11163750,75,26023.68,298125,420825,26080.00,26100.20,25972.40,26060.20,-0.32,2025-12-29 07:20:48+00:00,0,0,NEUTRAL,0,1.0000,0.000000,25974.60,25973.30,25972.60,25972.50,25972.40,150,75,225,75,150,1,1,3,1,2,25976.80,25978.70,25979.40,25979.50,25979.60,75,75,525,1125,750,1,1,2,3,2
2025-12-29 07:20:52+00:00,12683010,NIFTY25DECFUT,25976.40,3363825,11163750,75,26023.68,294300,424050,26080.00,26100.20,25972.40,26060.20,-0.32,2025-12-29 07:20:50+00:00,0,0,NEUTRAL,0,1.0000,0.000000,25974.60,25973.40,25972.60,25972.40,25972.30,150,75,150,75,375,2,1,2,1,3,25976.40,25978.30,25979.30,25979.40,25979.50,75,75,600,1125,600,1,1,1,3,3
2025-12-29 07:20:53+00:00,12683010,NIFTY25DECFUT,25976.40,3363900,11163750,75,26023.68,296175,424350,26080.00,26100.20,25972.40,26060.20,-0.32,2025-12-29 07:20:52+00:00,0,75,BUY,75,0.0294,0.000000,25974.60,25973.40,25972.60,25972.40,25972.30,75,75,75,150,525,1,1,1,2,5,25976.40,25978.30,25979.40,25979.50,25979.60,75,75,525,600,300,1,1,2,3,2
2025-12-29 07:20:54+00:00,12683010,NIFTY25DECFUT,25974.70,3363900,11163750,75,26023.68,296250,422850,26080.00,26100.20,25972.40,26060.20,-0.33,2025-12-29 07:20:52+00:00,0,225,BUY,225,0.0750,0.000633,25974.60,25972.80,25972.60,25972.50,25972.40,75,75,75,375,75,1,1,1,5,1,25974.70,25975.60,25978.50,25979.30,25979.40,225,75,75,600,1125,3,1,1,1,3
2025-12-29 07:20:55+00:00,12683010,NIFTY25DECFUT,25974.70,3363975,11163750,75,26023.68,293250,423900,26080.00,26100.20,25972.40,26060.20,-0.33,2025-12-29 07:20:53+00:00,0,825,BUY,825,0.1774,0.000086,25974.60,25972.60,25972.50,25972.40,25972.30,75,75,375,150,525,1,1,5,2,5,25974.70,25975.60,25977.70,25979.40,25979.50,150,75,75,1125,1200,2,1,1,3,4
2025-12-29 07:20:56+00:00,12683010,NIFTY25DECFUT,25972.50,3363975,11163750,75,26023.68,292725,423675,26080.00,26100.20,25972.40,26060.20,-0.34,2025-12-29 07:20:53+00:00,0,75,SELL,-75,0.0256,0.000752,25974.60,25973.30,25972.60,25972.50,25972.40,75,75,75,375,225,1,1,1,5,2,25974.70,25975.60,25977.70,25979.30,25979.40,150,75,75,600,1125,2,1,1,1,3
2025-12-29 07:20:57+00:00,12683010,NIFTY25DECFUT,25976.00,3364500,11163750,75,26023.67,296775,424950,26080.00,26100.20,25972.40,26060.20,-0.32,2025-12-29 07:20:56+00:00,0,0,NEUTRAL,0,1.0000,0.000000,25972.50,25972.40,25972.30,25972.20,25972.10,75,225,375,450,1725,1,2,4,5,9,25976.00,25977.70,25979.40,25979.50,25979.60,75,75,1125,1200,300,1,1,3,4,2
2025-12-29 07:20:59+00:00,12683010,NIFTY25DECFUT,25976.00,3364575,11163750,75,26023.67,292950,425850,26080.00,26100.20,25972.40,26060.20,-0.32,2025-12-29 07:20:57+00:00,0,75,BUY,75,0.0227,0.000000,25973.10,25972.80,25972.40,25972.30,25972.20,75,75,225,225,150,1,1,2,2,2,25975.70,25978.30,25979.30,25979.40,25979.50,75,75,600,1200,525,1,1,1,4,2
2025-12-29 07:21:00+00:00,12683010,NIFTY25DECFUT,25976.20,3365175,11163750,75,26023.66,285150,428400,26080.00,26100.20,25972.40,26060.20,-0.32,2025-12-29 07:21:00+00:00,0,600,BUY,600,0.1311,0.000044,25972.00,25971.90,25971.80,25971.70,25971.60,525,150,300,675,300,6,1,2,4,3,25977.80,25979.00,25979.10,25979.20,25979.30,225,600,825,75,300,2,1,4,1,2
2025-12-29 07:21:01+00:00,12683010,NIFTY25DECFUT,25972.00,3365175,11163750,75,26023.66,285150,428400,26080.00,26100.20,25972.40,26060.20,-0.34,2025-12-29 07:21:00+00:00,0,1200,SELL,-1200,0.2319,0.000097,25972.00,25971.90,25971.80,25971.70,25971.60,525,150,300,675,300,6,1,2,4,3,25977.80,25979.00,25979.10,25979.20,25979.30,225,600,825,75,300,2,1,4,1,2
2025-12-29 07:21:02+00:00,12683010,NIFTY25DECFUT,25971.50,3366225,11163750,300,26023.65,289350,426600,26080.00,26100.20,25971.70,26060.20,-0.34,2025-12-29 07:21:02+00:00,0,1050,SELL,-1050,0.2188,0.000979,25971.60,25971.50,25971.40,25971.30,25971.20,75,375,225,750,675,1,1,3,6,7,25976.40,25977.90,25978.20,25978.40,25978.50,75,150,150,600,675,1,1,1,1,2
2025-12-29 07:21:03+00:00,12683010,NIFTY25DECFUT,25971.50,3366600,11163750,300,26023.64,293925,426150,26080.00,26100.20,25971.50,26060.20,-0.34,2025-12-29 07:21:02+00:00,0,2025,SELL,-2025,0.2368,0.000526,25971.40,25971.30,25971.20,25971.10,25971.00,75,825,675,1875,1500,1,7,4,10,11,25974.80,25977.90,25978.10,25978.20,25978.40,75,150,600,150,600,1,1,1,1,1
2025-12-29 07:21:04+00:00,12683010,NIFTY25DECFUT,25972.00,3366600,11163750,75,26023.64,300000,424725,26080.00,26100.20,25971.50,26060.20,-0.34,2025-12-29 07:21:02+00:00,0,375,SELL,-375,0.0625,0.000083,25973.20,25971.40,25971.30,25971.20,25971.10,75,150,1125,1650,1575,1,2,6,8,12,25975.10,25977.00,25977.90,25978.20,25978.50,75,75,150,150,600,1,1,1,1,1
2025-12-29 07:21:05+00:00,12683010,NIFTY25DECFUT,25972.20,3367050,11163750,75,26023.63,300525,423375,26080.00,26100.20,25971.50,26060.20,-0.34,2025-12-29 07:21:04+00:00,0,0,NEUTRAL,0,1.0000,0.000000,25972.00,25971.70,25971.60,25971.50,25971.40,150,150,150,300,750,2,2,2,3,9,25974.70,25975.50,25977.00,25978.20,25978.60,525,75,75,150,525,1,1,1,1,2
2025-12-29 07:21:06+00:00,12683010,NIFTY25DECFUT,25974.70,3367275,11163750,75,26023.63,300825,420225,26080.00,26100.20,25971.50,26060.20,-0.33,2025-12-29 07:21:05+00:00,0,675,BUY,675,0.1452,0.000581,25972.10,25972.00,25971.90,25971.80,25971.70,375,375,150,375,1350,5,1,1,5,11,25974.70,25975.50,25977.60,25978.20,25978.90,450,75,75,150,600,1,1,1,1,1
2025-12-29 07:21:07+00:00,12683010,NIFTY25DECFUT,25974.70,3367275,11163750,75,26023.63,301200,420600,26080.00,26100.20,25971.50,26060.20,-0.33,2025-12-29 07:21:05+00:00,0,0,NEUTRAL,0,1.0000,0.000000,25972.20,25972.10,25972.00,25971.90,25971.80,300,75,375,300,300,4,1,1,3,4,25974.70,25975.60,25977.60,25978.20,25978.90,450,75,75,150,600,1,1,1,1,1
2025-12-29 07:21:08+00:00,12683010,NIFTY25DECFUT,25973.00,3367725,11163750,75,26023.62,301950,420300,26080.00,26100.20,25971.50,26060.20,-0.33,2025-12-29 07:21:07+00:00,0,0,NEUTRAL,0,1.0000,0.000000,25973.00,25972.00,25971.90,25971.80,25971.70,75,375,300,600,2175,1,1,2,7,18,25974.70,25977.50,25977.60,25978.20,25979.00,450,75,75,150,600,1,1,1,1,1
2025-12-29 07:21:09+00:00,12683010,NIFTY25DECFUT,25974.70,3367725,11163750,75,26023.62,296100,421275,26080.00,26100.20,25971.50,26060.20,-0.33,2025-12-29 07:21:07+00:00,0,0,NEUTRAL,0,1.0000,0.000000,25973.00,25972.00,25971.90,25971.80,25971.70,75,750,150,375,825,1,6,1,4,9,25974.70,25975.40,25977.50,25977.60,25978.20,450,75,75,75,150,1,1,1,1,1
2025-12-29 07:21:10+00:00,12683010,NIFTY25DECFUT,25974.70,3367725,11163750,75,26023.62,296100,421275,26080.00,26100.20,25971.50,26060.20,-0.33,2025-12-29 07:21:07+00:00,0,0,NEUTRAL,0,1.0000,0.000000,25973.00,25972.00,25971.90,25971.80,25971.70,75,750,150,375,825,1,6,1,4,9,25974.70,25975.40,25977.50,25977.60,25978.20,450,75,75,75,150,1,1,1,1,1
2025-12-29 07:21:11+00:00,12683010,NIFTY25DECFUT,25974.70,3367875,11163750,75,26023.62,304575,419025,26080.00,26100.20,25971.50,26060.20,-0.33,2025-12-29 07:21:09+00:00,0,150,BUY,150,0.0294,0.000333,25972.50,25972.20,25972.10,25972.00,25971.90,300,375,450,1800,1275,4,3,6,17,12,25974.70,25975.60,25977.50,25977.70,25978.20,375,75,75,75,150,1,1,1,1,1
2025-12-29 07:21:12+00:00,12683010,NIFTY25DECFUT,25974.70,3367950,11163750,75,26023.62,303600,420075,26080.00,26100.20,25971.50,26060.20,-0.33,2025-12-29 07:21:11+00:00,0,75,BUY,75,0.0200,0.000000,25973.20,25972.40,25972.20,25972.10,25972.00,150,300,525,375,1650,2,4,5,5,15,25974.70,25975.60,25977.50,25977.70,25978.20,300,75,75,75,150,1,1,1,1,1
2025-12-29 07:21:13+00:00,12683010,NIFTY25DECFUT,25973.20,3368100,11163750,75,26023.62,303525,420000,26080.00,26100.20,25971.50,26060.20,-0.33,2025-12-29 07:21:12+00:00,0,225,SELL,-225,0.0400,0.000267,25972.40,25972.20,25972.10,25972.00,25971.90,300,525,375,1575,1500,4,5,5,14,14,25974.70,25975.60,25977.50,25977.70,25979.40,300,75,75,75,600,1,1,1,1,1
2025-12-29 07:21:14+00:00,12683010,NIFTY25DECFUT,25972.50,3368250,11163750,75,26023.62,303900,421275,26080.00,26100.20,25971.50,26060.20,-0.34,2025-12-29 07:21:14+00:00,0,300,SELL,-300,0.0678,0.000497,25972.50,25972.30,25972.20,25972.10,25972.00,300,150,375,225,1950,4,1,4,3,17,25974.70,25975.60,25977.50,25977.70,25979.40,300,75,75,75,600,1,1,1,1,1
2025-12-29 07:21:17+00:00,12683010,NIFTY25DECFUT,25972.50,3368250,11163750,75,26023.62,297075,423150,26080.00,26100.20,25971.50,26060.20,-0.34,2025-12-29 07:21:14+00:00,0,150,SELL,-150,0.0408,0.000190,25972.20,25972.10,25972.00,25971.90,25971.80,300,75,825,450,525,4,1,6,4,6,25974.70,25975.60,25977.50,25977.70,25979.30,300,75,75,75,825,1,1,1,1,3
2025-12-29 07:21:18+00:00,12683010,NIFTY25DECFUT,25972.50,3368325,11163750,75,26023.61,297750,423075,26080.00,26100.20,25971.50,26060.20,-0.34,2025-12-29 07:21:18+00:00,0,75,SELL,-75,0.0189,0.000000,25972.20,25972.10,25972.00,25971.90,25971.80,300,225,450,750,975,4,2,2,7,9,25974.70,25975.40,25977.50,25977.70,25979.30,300,75,75,75,675,1,1,1,1,2
2025-12-29 07:21:19+00:00,12683010,NIFTY25DECFUT,25972.50,3368325,11163750,75,26023.61,298350,424275,26080.00,26100.20,25971.50,26060.20,-0.34,2025-12-29 07:21:18+00:00,0,75,SELL,-75,0.0161,0.000000,25972.10,25972.00,25971.90,25971.80,25971.70,525,450,825,900,675,6,2,8,8,9,25974.70,25975.40,25977.50,25977.70,25979.30,300,75,75,75,675,1,1,1,1,2
2025-12-29 07:21:20+00:00,12683010,NIFTY25DECFUT,25972.50,3368325,11163750,75,26023.61,298575,424950,26080.00,26100.20,25971.50,26060.20,-0.34,2025-12-29 07:21:18+00:00,0,75,SELL,-75,0.0135,0.000000,25972.10,25972.00,25971.90,25971.80,25971.70,675,450,675,975,675,7,2,6,9,9,25974.70,25975.40,25977.50,25979.30,25979.40,300,75,150,675,825,1,1,2,2,3
2025-12-29 07:21:21+00:00,12683010,NIFTY25DECFUT,25972.50,3368325,11163750,75,26023.61,298950,424350,26080.00,26100.20,25971.50,26060.20,-0.34,2025-12-29 07:21:18+00:00,0,0,NEUTRAL,0,1.0000,0.000000,25972.20,25972.10,25972.00,25971.90,25971.80,300,375,600,750,1125,4,3,4,7,11,25974.70,25975.60,25977.50,25979.30,25979.40,300,75,150,675,675,1,1,2,2,2
2025-12-29 07:21:23+00:00,12683010,NIFTY25DECFUT,25974.70,3368400,11163750,150,26023.61,298500,423600,26080.00,26100.20,25971.50,26060.20,-0.33,2025-12-29 07:21:22+00:00,0,75,BUY,75,0.0227,0.000000,25974.10,25972.20,25972.10,25972.00,25971.90,75,450,225,600,750,1,5,2,4,7,25974.70,25975.60,25977.50,25977.70,25979.30,225,75,75,75,675,1,1,1,1,2
2025-12-29 07:21:24+00:00,12683010,NIFTY25DECFUT,25974.10,3368625,11163750,75,26023.61,298800,422475,26080.00,26100.20,25971.50,26060.20,-0.33,2025-12-29 07:21:23+00:00,0,300,SELL,-300,0.0714,0.000381,25972.20,25972.10,25972.00,25971.90,25971.80,300,225,600,750,1125,4,2,4,7,11,25974.70,25975.60,25977.50,25977.70,25979.20,75,75,75,75,600,1,1,1,1,1
2025-12-29 07:21:25+00:00,12683010,NIFTY25DECFUT,25973.00,3368625,11163750,75,26023.61,281250,421800,26080.00,26100.20,25971.50,26060.20,-0.33,2025-12-29 07:21:23+00:00,0,0,NEUTRAL,0,1.0000,0.000000,25973.00,25972.10,25972.00,25971.90,25971.80,300,225,375,450,675,1,2,5,4,5,25974.10,25974.70,25975.00,25977.50,25977.70,75,75,75,75,75,1,1,1,1,1
2025-12-29 07:21:26+00:00,12683010,NIFTY25DECFUT,25973.00,3368700,11163750,75,26023.61,291225,422325,26080.00,26100.20,25971.50,26060.20,-0.33,2025-12-29 07:21:25+00:00,0,75,SELL,-75,0.0286,0.000419,25973.00,25972.10,25972.00,25971.90,25971.80,225,150,75,300,525,1,1,1,4,4,25974.00,25974.10,25974.70,25974.90,25977.00,975,75,75,75,75,1,1,1,1,1
2025-12-29 07:21:28+00:00,12683010,NIFTY25DECFUT,25973.00,3368775,11163750,75,26023.61,292800,421500,26080.00,26100.20,25971.50,26060.20,-0.33,2025-12-29 07:21:27+00:00,0,75,SELL,-75,0.0303,0.000000,25973.00,25972.00,25971.80,25971.70,25971.60,225,75,375,150,300,2,1,5,2,3,25973.80,25974.00,25974.10,25974.70,25976.80,75,975,75,75,75,1,1,1,1,1
2025-12-29 07:21:29+00:00,12683010,NIFTY25DECFUT,25973.00,3368775,11163750,75,26023.61,291600,421200,26080.00,26100.20,25971.50,26060.20,-0.33,2025-12-29 07:21:27+00:00,0,75,SELL,-75,0.0313,0.000000,25973.00,25972.00,25971.70,25971.60,25971.50,225,75,450,150,150,2,1,6,1,2,25973.80,25974.00,25974.10,25974.70,25976.80,75,975,75,75,75,1,1,1,1,1
2025-12-29 07:21:30+00:00,12683010,NIFTY25DECFUT,25973.00,3368925,11163750,75,26023.61,293775,419550,26080.00,26100.20,25971.50,26060.20,-0.33,2025-12-29 07:21:30+00:00,0,0,NEUTRAL,0,1.0000,0.000000,25973.00,25972.00,25971.80,25971.70,25971.60,150,75,300,150,300,2,1,4,2,3,25973.80,25974.10,25974.70,25976.80,25977.50,75,75,75,75,75,1,1,1,1,1
2025-12-29 07:21:31+00:00,12683010,NIFTY25DECFUT,25973.00,3369075,11163750,75,26023.60,293475,420825,26080.00,26100.20,25971.50,26060.20,-0.33,2025-12-29 07:21:30+00:00,0,675,BUY,675,0.2093,0.000341,25972.00,25971.70,25971.60,25971.50,25971.40,75,375,150,150,600,1,5,1,2,3,25973.70,25973.90,25974.10,25974.60,25976.80,75,900,75,75,75,1,1,1,1,1
2025-12-29 07:21:32+00:00,12683010,NIFTY25DECFUT,25971.20,3369300,11163750,75,26023.60,296550,421800,26080.00,26100.20,25971.10,26060.20,-0.34,2025-12-29 07:21:32+00:00,0,0,NEUTRAL,0,1.0000,0.000000,25971.10,25971.00,25970.90,25970.80,25970.70,300,75,150,150,450,4,1,2,2,5,25973.40,25973.70,25974.10,25974.30,25976.70,900,75,75,75,75,1,1,1,1,1
2025-12-29 07:21:33+00:00,12683010,NIFTY25DECFUT,25971.20,3369375,11163750,75,26023.60,298425,420900,26080.00,26100.20,25971.10,26060.20,-0.34,2025-12-29 07:21:32+00:00,0,300,SELL,-300,0.1176,0.000706,25971.10,25971.00,25970.90,25970.80,25970.70,225,75,150,300,300,3,1,1,4,3,25973.30,25973.50,25974.10,25974.20,25976.40,75,900,75,75,75,1,1,1,1,1
2025-12-29 07:21:35+00:00,12683010,NIFTY25DECFUT,25973.30,3371250,11163750,75,26023.57,300975,420450,26080.00,26100.20,25971.10,26060.20,-0.33,2025-12-29 07:21:33+00:00,0,0,NEUTRAL,0,1.0000,0.000000,25971.30,25971.20,25971.10,25971.00,25970.90,300,450,825,375,900,1,2,5,5,10,25975.00,25976.60,25977.50,25978.00,25978.20,75,75,75,75,75,1,1,1,1,1
2025-12-29 07:21:36+00:00,12683010,NIFTY25DECFUT,25973.30,3371250,11163750,75,26023.57,301425,421050,26080.00,26100.20,25971.10,26060.20,-0.33,2025-12-29 07:21:33+00:00,0,1875,BUY,1875,0.2475,0.000541,25971.30,25971.20,25971.10,25971.00,25970.90,300,450,1125,1050,1350,1,2,9,12,12,25974.90,25977.00,25977.50,25978.20,25978.30,375,75,75,75,825,2,1,1,1,3
2025-12-29 07:21:37+00:00,12683010,NIFTY25DECFUT,25971.30,3371250,11163750,150,26023.57,301425,421050,26080.00,26100.20,25971.10,26060.20,-0.34,2025-12-29 07:21:33+00:00,0,1950,SELL,-1950,0.2549,0.000013,25971.30,25971.20,25971.10,25971.00,25970.90,300,450,1125,1050,1350,1,2,9,12,12,25974.90,25977.00,25977.50,25978.20,25978.30,375,75,75,75,825,2,1,1,1,3
2025-12-29 07:21:38+00:00,12683010,NIFTY25DECFUT,25971.70,3371625,11163750,75,26023.57,305175,420675,26080.00,26100.20,25971.10,26060.20,-0.34,2025-12-29 07:21:37+00:00,0,225,SELL,-225,0.0517,0.000092,25971.60,25971.50,25971.40,25971.30,25971.20,300,525,825,525,1125,1,3,9,6,11,25974.90,25975.30,25977.30,25977.50,25978.60,300,75,75,75,300,1,1,1,1,1
2025-12-29 07:21:39+00:00,12683010,NIFTY25DECFUT,25974.90,3371775,11163750,150,26023.56,305100,420450,26080.00,26100.20,25971.10,26060.20,-0.33,2025-12-29 07:21:39+00:00,0,525,BUY,525,0.1129,0.000344,25971.60,25971.50,25971.40,25971.30,25971.20,300,525,825,225,1575,1,3,9,3,15,25974.90,25975.30,25977.30,25977.50,25978.60,150,75,75,75,300,1,1,1,1,1
2025-12-29 07:21:40+00:00,12683010,NIFTY25DECFUT,25972.10,3371775,11163750,75,26023.56,304200,414825,26080.00,26100.20,25971.10,26060.20,-0.34,2025-12-29 07:21:39+00:00,0,150,SELL,-150,0.0455,0.000121,25972.10,25971.90,25971.80,25971.70,25971.60,300,300,825,375,900,4,1,4,4,8,25974.80,25975.60,25977.40,25977.50,25978.70,150,75,75,75,75,1,1,1,1,1
2025-12-29 07:21:42+00:00,12683010,NIFTY25DECFUT,25974.30,3371850,11163750,75,26023.56,305325,420375,26080.00,26100.20,25971.10,26060.20,-0.33,2025-12-29 07:21:40+00:00,0,600,BUY,600,0.1143,0.000571,25972.20,25972.00,25971.90,25971.80,25971.70,300,300,975,1275,1125,4,1,8,8,12,25974.80,25975.60,25977.50,25977.60,25979.20,150,75,75,75,300,1,1,1,1,1
2025-12-29 07:21:43+00:00,12683010,NIFTY25DECFUT,25974.30,3371925,11163750,75,26023.56,305775,420075,26080.00,26100.20,25971.10,26060.20,-0.33,2025-12-29 07:21:42+00:00,0,75,BUY,75,0.0204,0.000599,25973.00,25972.90,25972.80,25972.70,25972.60,450,675,450,300,750,6,2,2,3,10,25974.70,25975.60,25977.50,25979.90,25980.00,150,75,150,300,300,1,1,2,1,2
2025-12-29 07:21:44+00:00,12683010,NIFTY25DECFUT,25974.70,3372150,11163750,75,26023.56,302400,419850,26080.00,26100.20,25971.10,26060.20,-0.33,2025-12-29 07:21:43+00:00,0,300,SELL,-300,0.0909,0.000121,25974.70,25973.40,25973.10,25973.00,25972.90,75,75,75,525,900,1,1,1,3,4,25976.40,25977.50,25979.90,25980.00,25980.10,75,150,300,300,525,1,2,1,2,2
2025-12-29 07:21:45+00:00,12683010,NIFTY25DECFUT,25974.70,3372150,11163750,75,26023.56,301800,420300,26080.00,26100.20,25971.10,26060.20,-0.33,2025-12-29 07:21:43+00:00,0,0,NEUTRAL,0,1.0000,0.000000,25974.90,25974.80,25974.70,25974.00,25973.10,75,600,75,75,375,1,1,1,1,5,25976.30,25976.40,25977.50,25978.50,25979.90,300,75,75,75,300,1,1,1,1,1
2025-12-29 07:21:46+00:00,12683010,NIFTY25DECFUT,25974.70,3372900,11163750,75,26023.55,298650,422025,26080.00,26100.20,25971.10,26060.20,-0.33,2025-12-29 07:21:46+00:00,0,750,BUY,750,0.2326,0.000000,25974.00,25973.10,25973.00,25972.90,25972.80,75,300,75,225,150,1,4,1,3,1,25974.70,25975.60,25975.80,25976.30,25977.50,225,75,975,300,75,1,1,1,1,1
2025-12-29 07:21:47+00:00,12683010,NIFTY25DECFUT,25972.60,3372900,11163750,300,26023.55,299100,421875,26080.00,26100.20,25971.10,26060.20,-0.34,2025-12-29 07:21:46+00:00,0,750,SELL,-750,0.2439,0.000683,25974.00,25973.40,25973.30,25973.20,25973.10,75,300,75,150,75,1,4,1,2,1,25974.90,25975.70,25976.00,25976.30,25977.50,225,75,975,300,75,1,1,1,1,1
2025-12-29 07:21:48+00:00,12683010,NIFTY25DECFUT,25972.60,3379500,11163750,300,26023.45,308025,418725,26080.00,26100.20,25971.10,26060.20,-0.34,2025-12-29 07:21:47+00:00,0,6600,SELL,-6600,0.7040,0.000000,25973.30,25973.20,25973.10,25973.00,25972.90,75,150,150,225,450,1,1,2,3,5,25974.90,25975.70,25976.30,25977.50,25977.80,525,75,975,75,75,2,1,1,1,1
2025-12-29 07:21:49+00:00,12683010,NIFTY25DECFUT,25972.90,3383475,11163750,75,26023.39,311550,418350,26080.00,26100.20,25971.10,26060.20,-0.33,2025-12-29 07:21:48+00:00,0,3975,SELL,-3975,0.5638,0.000000,25973.30,25973.20,25973.00,25972.90,25972.80,300,75,225,750,225,4,1,3,5,3,25974.90,25975.80,25976.30,25977.50,25977.80,300,75,975,75,75,1,1,1,1,1
2025-12-29 07:21:50+00:00,12683010,NIFTY25DECFUT,25974.90,3383625,11163750,75,26023.39,312300,418425,26080.00,26100.20,25971.10,26060.20,-0.33,2025-12-29 07:21:49+00:00,0,75,BUY,75,0.0217,0.000464,25973.40,25973.30,25973.10,25973.00,25972.90,300,75,450,525,525,4,1,6,6,3,25974.90,25975.80,25976.30,25977.50,25977.90,300,75,975,75,75,1,1,1,1,1
2025-12-29 07:21:51+00:00,12683010,NIFTY25DECFUT,25974.90,3383625,11163750,75,26023.39,312300,418425,26080.00,26100.20,25971.10,26060.20,-0.33,2025-12-29 07:21:49+00:00,0,150,BUY,150,0.0426,0.000567,25973.40,25973.30,25973.10,25973.00,25972.90,300,75,450,525,525,4,1,6,6,3,25974.90,25975.80,25976.30,25977.50,25977.90,300,75,975,75,75,1,1,1,1,1
2025-12-29 07:21:53+00:00,12683010,NIFTY25DECFUT,25974.00,3384300,11163750,75,26023.38,298800,420000,26080.00,26100.20,25971.10,26060.20,-0.33,2025-12-29 07:21:51+00:00,0,675,SELL,-675,0.1915,0.000255,25974.00,25973.50,25973.40,25973.30,25973.20,225,75,150,300,675,2,1,1,4,4,25975.00,25975.20,25975.30,25975.90,25976.40,75,150,150,75,975,1,1,1,1,1
2025-12-29 07:21:54+00:00,12683010,NIFTY25DECFUT,25975.10,3384375,11163750,75,26023.38,294300,419775,26080.00,26100.20,25971.10,26060.20,-0.33,2025-12-29 07:21:53+00:00,0,0,NEUTRAL,0,1.0000,0.000000,25974.00,25973.40,25973.30,25973.20,25973.10,150,150,375,150,300,1,1,5,1,3,25975.00,25975.20,25975.30,25975.90,25976.40,75,150,150,75,975,1,1,1,1,1
2025-12-29 07:21:55+00:00,12683010,NIFTY25DECFUT,25975.10,3384525,11163750,75,26023.37,293700,420375,26080.00,26100.20,25971.10,26060.20,-0.33,2025-12-29 07:21:54+00:00,0,150,BUY,150,0.0588,0.000431,25974.10,25973.30,25973.20,25973.10,25973.00,150,75,75,600,150,1,1,1,7,1,25974.90,25975.00,25975.80,25976.30,25977.50,150,75,75,975,75,1,1,1,1,1
2025-12-29 07:21:56+00:00,12683010,NIFTY25DECFUT,25975.10,3384525,11163750,75,26023.37,298725,419475,26080.00,26100.20,25971.10,26060.20,-0.33,2025-12-29 07:21:54+00:00,0,150,BUY,150,0.0488,0.000000,25974.10,25973.40,25973.20,25973.10,25973.00,150,375,75,675,300,1,5,1,7,4,25974.90,25975.30,25975.80,25976.40,25977.50,150,75,75,975,75,1,1,1,1,1
2025-12-29 07:21:57+00:00,12683010,NIFTY25DECFUT,25975.10,3384525,11163750,75,26023.37,297975,419025,26080.00,26100.20,25971.10,26060.20,-0.33,2025-12-29 07:21:54+00:00,0,0,NEUTRAL,0,1.0000,0.000000,25974.10,25973.40,25973.30,25973.20,25973.10,150,75,300,75,600,1,1,4,1,6,25974.90,25975.30,25975.80,25976.40,25977.50,150,75,75,975,75,1,1,1,1,1
2025-12-29 07:21:59+00:00,12683010,NIFTY25DECFUT,25974.90,3384750,11163750,75,26023.37,289575,421425,26080.00,26100.20,25971.10,26060.20,-0.33,2025-12-29 07:21:58+00:00,0,0,NEUTRAL,0,1.0000,0.000000,25973.50,25973.10,25972.80,25972.70,25972.50,75,75,75,75,525,1,1,1,1,6,25974.90,25975.80,25976.10,25977.50,25977.90,150,75,975,75,75,1,1,1,1,1
